"","V1","V2","V3","V4","V5","V6","V7","V8","V9","V10","V11","V12","V13","V14","V15","V16","V17","V18","V19","V20","V21","V22","V23","V24","V25","V26","V27","V28","V29","V30","V31","V32","V33","V34","V35","V36","V37","V38","V39","V40","V41","V42","V43","V44","V45","V46","V47","V48","V49","V50","V51","V52","V53","V54","V55","V56","V57","V58","V59","V60","V61","V62","V63","V64","V65","V66","V67","V68","V69","V70","V71","V72","V73","V74","V75","V76","V77","V78","V79","V80","V81","V82","V83","V84","V85","V86","V87","V88","V89","V90","V91","V92","V93","V94","V95","V96","V97","V98","V99","V100"
"1",0.145118470828375,0.171839651739298,0.139334456165975,0.183704510192631,0.183878091195386,0.168365045882409,0.204675223200174,0.166139286526239,0.177769822285479,0.175373832911292,0.157623967022183,0.18975176167418,0.14749970167769,0.227767658835318,0.158716448865509,0.168716157904454,0.156790867432487,0.203780675203727,0.170279364017051,0.166442713381741,0.171969795111299,0.164495072950883,0.198080650982198,0.159931999168207,0.179295688796712,0.213984889070287,0.149212429402335,0.181531200569815,0.195760106660262,0.191097976529142,0.189635706478911,0.185824287955062,0.141440124125376,0.134193065253726,0.158998693496628,0.148977753280447,0.168625682306092,0.199909662681652,0.182966348205913,0.185432242477859,0.194277977695198,0.170859388888202,0.207793368265126,0.20702395017989,0.145348715090604,0.168076380261607,0.1782733347266,0.172394939184976,0.179777588197504,0.175974246812633,0.163592487592507,0.168496520756599,0.17674109696801,0.114870415990961,0.160163197270506,0.194743668828483,0.197722794209621,0.189923608324522,0.160925884040001,0.206797581639059,0.198208822062951,0.175908988450215,0.137171030867002,0.11402103279215,0.167262451439445,0.174874014874411,0.147796468869228,0.167749496111095,0.181060632108296,0.163420153497132,0.208774159940893,0.173535336463706,0.21935622123395,0.176804312644082,0.163109677180682,0.183835075372629,0.189900756201794,0.187146056965032,0.206351544812116,0.205760329527709,0.186931798873396,0.145563491819988,0.186901638048307,0.2063719843157,0.175531391534402,0.152646439207424,0.194145413332748,0.181341651216356,0.205830154303533,0.174848313895703,0.190940739256848,0.162360873197553,0.145560320320978,0.194499364268848,0.164509283053233,0.163721415942022,0.176109910032556,0.129940046557748,0.16250659738975,0.196955099670621
"2",0.476243207327999,0.54701542347515,0.439941558686728,0.695963635469182,0.345315794011641,0.356503862790592,0.539022963980582,0.502381650455502,0.472674243577182,0.46243057805035,0.359140867611518,0.743959515927408,0.581160353737048,0.60185744030595,0.437474622205099,0.504078290218144,0.448920356718218,0.49523298939015,0.50249629791914,0.483819923675822,0.722218266864141,0.701956014738062,0.55756133465461,0.526287363983084,0.527813686042249,0.523712372733064,0.530952733499851,0.479397719882941,0.536325383173632,0.531273243599212,0.465988957166615,0.493258041068505,0.477456557243609,0.593727784097219,0.351787072993516,0.522353773672806,0.435998434091847,0.660376039331653,0.459538502427303,0.566596823969654,0.452529838306677,0.551684922117047,0.484139492021575,0.492965564622925,0.664316098752531,0.47342892682389,0.388718805690968,0.39440262503345,0,0.472463785375345,0.499803582796302,0.683442107718823,0.310129276855886,0.369780121651016,0.610017273667182,0.417916755938365,0.527053607398434,0.4546236109808,0.379039572197512,0.532304378312072,0.580090810932341,0.534262449592463,0.542252375161959,0.600574432362305,0.697205267808111,0.479368375018824,0.516864807278678,0.504147392473844,0.402528919605303,0.523623251488945,0.551299217770867,0.433839333567676,0.538040687458125,0.600549732294086,0.470148543989738,0.480325194627316,0.519787751514463,0.652883001559012,0.642389612138731,0.509738487864944,0.440810966489138,0.451746903895661,0.532813441974793,0.493657684386013,0.490367873799958,0.456460444929417,0.6440650440606,0.525440285632754,0.500464296740656,0.419240883171056,0.452114008881544,0.464700477654124,0.486424923835627,0.496334008967461,0.664607520098184,0.523987420089731,0.531644634297739,0.660320586187078,0.591538111535333,0.506930558793868
"3",0.396086699806292,0.601406562263096,0.372953478076639,0,0.37792070406359,0.385355451500966,0.613889252931675,0.481477194351772,0.264714650519748,0.432844070866432,0.198131965588955,0.426455469331476,0.403088484519562,0.436351437295662,0.517259561209439,0.348370157308179,0.201911043066684,0.427420871599432,0.435649587124775,0.378383405582275,0.397598188587261,0.327232692854666,0.445868909581959,0.308664269539279,NA,0.301395219932188,0.507336714635639,0.40602611644886,0.336632678030463,0.462202004388969,0.497741890204168,0.516151006491858,0.418635464640012,0,0.407395306032674,0.41368441681694,0.520267919492969,0.292682744029198,0.399256942083276,0.480589510693358,0.342366891913881,0.449949071581256,0.392569784870791,0.315290929357715,0.178882108190914,0.347629680693336,0.433826975937741,0.450940022210861,0.420207585955995,0.457990903408472,0.380515955825694,0.392175150661341,0.421848982213157,0.294026460559104,0.370961286819429,0.432914315812373,0.436526289205399,0.385232847396273,0.379981215691006,0.44427220413524,0.439562781375801,0.344825545972228,0.558051275704967,0.348242058825657,0.529171601899194,0.361124622195199,0.427161133208173,0.357404991396436,0.313595917956108,0.4694008338075,0.218719597251617,0.290680891910411,0.558152258732859,0.478287139307988,0.381492479604939,0.388142027173281,0.3598342208111,0.310580991052529,0.450821047217555,0.458939486880413,0.37082934790016,0.39842590489704,0.441268683934379,0.428294889101969,0.52072914884269,0.352912420133028,0.414426064963939,0.46173881872021,0.255514012264729,0.374132660276862,0.370068362692577,0.222429072636186,0.288576159913346,0.552883438723221,0.444234472057993,0.402910174204474,0.350752867600062,0.385519751671256,0.340929411562537,0.578765191369932
"4",0.208223086167087,0.164085347989363,0.274621019401564,0.135298269632392,0.274493715739331,0.212490270661672,0.348367591189617,0.358463653075784,0.197873973980026,0.233095908520284,0.0939379253572414,0.439722304146461,0.273124982084632,0.296582065648767,0.306354736727334,0.140753480608636,0.268782013749474,0.260438141807187,0.241434050051631,0.320054600491662,0.326509810946459,0.189541446927959,0.254905810029456,0.292978487204478,0.18803337752474,0.266338314043363,0.173270627011942,0.277423120027926,0.237161248655193,0.387562294837532,0.256149873218101,0.374409336544186,0.231950438617113,0.403067414354643,0.131546970167581,0.330871877529978,0.311235249216997,0.313550058373533,0.336992246337287,0.287780829265325,0.28922880789839,0.376649106745564,0.372286328599505,0.194994689816669,0.236734243914025,0.242412100886151,0.417699960371288,0.219811698331548,0.293656725584016,0.21403137626086,0.201884534204513,0.251242586167657,0.282990220112101,0.154941999374506,0.353979424652952,0.237908879043588,0.23050397227237,0.335141738655489,0.152441601554665,0.353073407229559,0.164485409156152,0.357136716420583,0.233501796328384,0.209347283095374,0.348574406748062,0.318601271443832,0.324708253868805,0.276756746030932,0.173223166385402,0.195537039352023,0.236792731064368,0.217289601082796,0.0907706233904105,0.371106075309535,0.283121082443618,0.326139955274145,0.395091193471516,0.327566490460936,0.298218754646361,0.25940794876493,0.334880998894346,0.334850851028824,0.193593110415887,0.307132939540508,0.226071447793883,0.319970752925846,0.50140758050853,0.234841842968306,0.264128107381402,0.108725063001674,0.166411769916293,0.265407994334135,0.224254840412546,0.302871343747023,0.34331413819717,0.382045226723523,0.229362722301315,0.136548461385311,0.23928046536344,0.20584226960144
"5",0.215143957221491,0.290390103365813,0.0705178960369517,0.0704550057004718,0.204751641938917,0.228257354462941,0.154953693571794,0.182869837689322,0.148809259149764,0.124424328907925,0.187774888305071,0.235089648311771,0.2292126186308,0.159757629267506,0.149834926337507,0.118084609905082,0.135357500334507,0.298905984172259,0.279929460156254,0.0441904349531227,0.224710505390021,0.208946961218422,0.243078559952641,0.194674273640271,0.102353494036258,0.0884360184277713,0.0276552327175902,0.0656156893174252,0.097084747988456,0.170906548873213,0.153359518556669,0.165487626901272,0.15727113052864,0.032296924152266,0.156153601410682,0.139743592851208,0.265004328530052,0.119174452064809,0.236123997837462,0.165018348753906,0.181974576797602,0.161193865940801,0,0.14565686768051,0.0797678738704819,0.197169324185491,0.103985254014289,0.189759960152432,0.0799353072701896,0.080272154278671,0.0726590141949136,0.129907721543981,0.132411075602886,0.0813906003547538,0.117486503466029,0.146474894095046,0.17190824294584,0.169378403969402,0.064068393265655,0.244613686156996,0,0.082339244857283,0.0939703681615422,0.109728879900342,0.206161208179951,0.149239967559129,0.166106070800504,0.119213560461868,0.143744856075432,0.121127836366024,0.147416224794989,0.161439240802828,0.260363508825878,0.113319318918834,0.132143873772884,0.191157694063331,0.160483849192976,0.284956655017187,0.194967656764641,0.227080787537861,0.122106584908642,0.157268518777772,0.0840842361851189,0.0714164361929719,0.142689790161198,0.317661063933482,0.128124703765692,0.0612402974257393,0.142526638238247,0.135272708337979,0,0.189005991934707,0.0754471403984746,0.177822118998231,0.183645439536421,0.241921777361024,0.0649720605250441,0.178889552901459,0.125465474697447,0.232302722250959
"6",0.122021554694436,0.0257609596119277,0.112454982256013,0.124096836350412,0.165052295395502,0.026136440509789,0.0275842725161257,0.0354374071358,0.0373866974750853,0.103606778709137,0.0539171778508091,0.058466703236968,0.12946742791116,0.129740213299069,0.0911215103248155,0.0916874549404699,0.0849165185211367,0.0916703208964323,0.111294880799121,0.0186354369580953,0.0792665478924852,0.0984889220685086,0.101820748711807,0.229525626229167,0.0122610186877681,0.114399488578032,0.0649742473798853,0.124134708909908,0.046934228105061,0.102135772839659,0.0623234187497826,0.164064719930051,0.0391265639050623,0.0392151242835865,0.0411723450134666,0.0935082062050448,0.134682419849906,0.0804157401136775,0.169228179377786,0.136030988927258,0.131109100402586,0.0479399939168442,0.166049995203139,0.196026531327299,0.0627508526549053,0.138364078651431,0.163175239432782,0.122108251791873,0.152943033351926,0.10364157353158,0.11728753932188,0.0588918574440947,0.14561805277773,0.0853039909517346,0.202428322382197,0.151824942361625,0.0594157995954592,0.0363804011747052,0.0281370140326901,0.16241404197176,0.0729945119134418,0.0699133459909992,0.111278443203913,0.0486983931631516,0.173178605035348,0.157683520049948,0.0901209126101443,0.111741430493818,0.153833812723355,0.0875639799554873,0.0336461245017251,0.100715299315016,0.0881912183097806,0,0.133275385410315,0.0961986493675997,0.143781827955265,0.0838767725659196,0.0864304601261266,0.0966255000569862,0.140974348510301,0.170845890970237,0.0916614428190247,0.0704831013684052,0.153296774240847,0.0536385204957757,0.0449320529467871,0.06936674684919,0.143329765913875,0.135885088641533,0.0433641636024272,0.0886819965165987,0.0591947980314373,0.0318316525372734,0.0385259051392786,0.0741271499382472,0.1594772336611,0.0437550938055861,0.101919044322854,0.13007925974465
"7",0.00954738668687895,0.0726006267283667,0,0.0418464951993078,0.0804368891595923,0.0639316788300246,0.144991252786091,0.0719420370349225,0.0162387979769959,0.0507508094741019,0.0536111352150016,0.169690553511448,0.0519156676015582,0.0763244168959549,0.0768733092574476,0.0874014725065576,0.0307382456185811,0.140757573628654,0.121746832052469,0.0254139441164874,0.0343045712114364,0.0549099670030747,0.0646357166284746,0.0523870835952888,0.0729947129186924,0.0795860673041712,0.0511537546060122,0.0434324109431277,0.0545442250439369,0.155482374134896,0.0266221946527602,0.12793361289877,0.138422332494022,0.140760247222238,0.0283295390405614,0.0753120929010735,0.018877647497867,0.0365807180262251,0.0333624799334111,0.123706457368872,0.0810954195270342,0.163056056376805,0.0597996253424436,0.100367996387214,0.0700576136719369,0.027790818913077,0.0839421703620043,0.0553490983444164,0.0925214669796443,0.0304169262424202,0.0434421279230099,0.0649814436785228,0.0859537740832243,0.0368269662810775,0.105486227053227,0.0634575553205324,0.123110138013766,0.0774726122673604,0.0305441189589998,0.0538004547574656,0.0294709943477801,0.0337315869306196,0.111667663829272,0.0187758139223632,0.0556254202105068,0.081805226062312,0.080703252149252,0.0516170734963397,0.0458939814944721,0.0409609938996601,0.0295173119113504,0.0380428543139701,0.0445150502029511,0.0597766983928111,0.0649947454434093,0.0728293185021847,0.0215379911780314,0.115445620485267,0.0951934009017925,0.104440861197013,0.0278901178870914,0.112256883658185,0.0284335528321117,0.0674673517149905,0.0294417682648795,0.0617647554897927,0.10515787289424,0.0693842699495604,0.0430368314824024,0.0769944294114312,0.0521448892864678,0.0279618257116384,0.0424493149860554,0.0695481586873157,0,0.0529275520589634,0.111949013022602,0.06231624879744,0.0594622458123526,0.160306528176504
"8",0.008568662151428,0.014242250915893,0,0.0334192230532447,0.0470086533983795,0.0199844602816831,0.0925898771997516,0.0634266849680823,0.0114054177059184,0,0.044637731102816,0.0732091544772588,0.0190832766330953,0.0722221937306108,0.0467709645541646,0.0481466029533901,0.0149190963967765,0.0527371622297066,0.0429138615445267,0.0103303418403992,0.0457086035068034,0.128413562537476,0.0512503617462268,0.0317482795679873,0.024627094911104,0.0552086366615643,0.0387884085602917,0.0192895700629535,0.0496184711290837,0.0417962013852509,0.0177165552934921,0.0165620346435164,0.132424423888768,0.00808117350075458,0.0160588419824262,0.0427240102450557,0.018830951884263,0.0415751974481427,0.0703817522114105,0.0527187076587675,0.00908222738813923,0.0350868140921455,0.128187443601962,0.0815156383577463,0.0412433521346195,0.0416429998222744,0.0194754530955911,0,0.0177796155575842,0.0486024186986982,0.0480203352803704,0.0555197115155952,0.0417569561459118,0.0183778975437219,0.0373937742911326,0.064996130925069,0.0180006248125566,0.0357651386958901,0.0169417203207891,0.0583528891254863,0.0286449803964399,0.0379815312589664,0.0568868028059938,0.112383190311911,0.0211357831901949,0.0161303586206169,0.0219384251019751,0.0794585987157342,0.0371443268316464,0.0736397297932495,0.0130383918938308,0.0227343646215788,0.021652457096649,0.0663703512031742,0.0372446114426658,0.0467611060888541,0.0514602983124426,0.0337542885169589,0.0562319677553662,0.0702793871890667,0.0144674707259415,0.00922238373644127,0.0301493935803557,0.0793942046783651,0.021374515678014,0.0249809475489762,0.0573227765622908,0.0417935235483022,0.040554811498015,0.0127560917149984,0.0164142144398007,0.0477378343577292,0.00937749556695283,0.0969516696344561,0.033907498964139,0.0436689722206301,0.0195848808904784,0.0576424438389068,0.0369980677202857,0.0109169001013463
"9",0.0119949994104815,0.0430436398844054,0.0187998745367165,0.0187775118131816,0.0139419192293102,0.0106465906858328,0.0527039114487771,0.0701415747033404,0.0501767415693699,0.0106600712596719,0.0439888746349257,0.0254301744924167,0.0399119149341343,0.0102062052127543,0.0810253239695139,0.0424888016741511,0.0805597903601002,0.0126001154115627,0.0167184205746854,0.01519508979418,0.044447094340539,0.0170024552178437,0.0559715551784177,0.0539970437027283,0.0118366969823845,0.0355898177563886,0.033161080125652,0.00931271456127695,0.0294665902261505,0.0281839571101901,0.0232299388981559,0.0139821332236297,0.00744064647303826,0.0221988419349591,0.060628813470877,0.0329852000400813,0.0352036025458569,0.0583247219465249,0.0223945449954886,0.0550660321881606,0.0397522645332933,0.00789902736237929,0.0360469984988752,0.057918864178305,0.0166361477731506,0.0158597206810892,0.0160083195096244,0.0404411051422705,0.0469195688389979,0.0135052664062355,0.0532942569952491,0.0650647555924201,0.0115830264903869,0.0362119010478575,0.0793851611091873,0.100615268583745,0.00932690890050184,0.0356694494606991,0.0203432749159244,0.0155214170964666,0.0523166426216209,0.0394912562737962,0.0330233054457733,0.0402701794678575,0.0208695634871144,0.00621750250329773,0.0413729306864841,0.0176550390141618,0.0129195578378399,0.0121111393095117,0.0576857596281751,0.0132552036123937,0.0553834315976139,0.0144362761238169,0.0559569573963985,0.0333882675171129,0.00863963138201995,0.0173620127769663,0.0099024346810518,0.0330261280933161,0.0557550775091722,0.0126485742737425,0.0114068542810469,0.00733503682577033,0.0231799463068994,0.0450729645033303,0.0282362517307262,0.0140893770804222,0.0281781744346596,0.0400823989235991,0.0192192149659927,0.113557878886503,0.0181646913442389,0.0317647572021633,0.0204860068935189,0.0181285522992411,0.02429084829605,0.0528729074828168,0.0421418645751024,0.0104340308553472
"10",0.0449143234143085,0.011250248049668,0.0195511504249811,0.00750804323977825,0.0334162169911605,NA,NA,0.0818610926360406,NA,0.0107379321876544,0.0157821550587959,0.0108600659311005,0.00994528939625506,NA,0.0196667897136172,0.00209900723965464,0.0122105346847837,NA,0.0114659891980965,0.0239348338765241,NA,0.0218023682576893,0.0213229556015533,0.0200305359373573,0.023766660701864,0.0376673429273094,0.0104081425154377,NA,0.0460998153087435,0.0280750044136176,NA,NA,NA,0.0252607501672677,NA,NA,0.0821174787578952,0.0462048851578949,NA,0.0118030318355363,0.0136342585541163,0.0320799474757927,0.0465687571017364,0.0925737685665151,0.00929915562314981,0.0182108525305149,NA,0.0344985617219919,0.0247180655230828,0.0246881658191623,0.0219379136150155,0.0331153211555782,0.00444523902985073,NA,NA,0.0339812420687658,0.00307767110687661,NA,NA,NA,0.00332729330937801,0.00921186396655809,0.0361573490192285,0.00651176012905082,0.0243585647040587,0.0340298262566143,0.00905648419812242,0.0563404400112311,0.0183082529506593,0.00966663388771439,0.0894547020800051,NA,0.0339923493644774,0.0312078405581974,0.0238253263976034,0.0179743555266465,0.00852628525690436,0.0150513498892068,0.00902110340910177,0.026028147992012,0.0470627212707912,0.0535761029675334,0.0296671782893812,0.00802807080238387,NA,0.00371536505683417,0.01674527709848,NA,0.029472301334988,0.031995095199643,0.0469876999201436,0.0663411737015462,0.00410800050294645,0.0422370267193607,0.0118605768483154,0.0412919222213859,0.0283111405298574,0.0137061995979442,NA,0.039373065749464
"11",0.282644903632094,0.264242614612171,0.23988933034952,0.350265098862537,0.214091896352043,0.247785990580643,0.301356115083156,0.257678125152705,0.307918140345108,0.249100278082762,0.269341114596953,0.465073614662641,0.402568439095685,0.351598476705184,0.233067337140141,0.221023031094139,0.273370057195036,0.302696109297303,0.278900992555576,0.346397650993714,0.379138409125167,0.533755558101352,0.3903650718948,0.323096021721339,0.262224336470459,0.329702689824357,0.283021627033573,0.377868811337844,0.416684952721637,0.333192628187426,0.247713304943263,0.304729573877098,0.346695590267024,0.280264020952788,0.184801789343145,0.388931235459151,0.270767076983212,0.406090205985267,0.393219848793802,0.385549213789669,0.338726794953261,0.370137588432902,0.20328947164465,0.403077765289908,0.431628833654437,0.363537076501271,0.293779307498541,0.298742551815212,0.274793718960977,0.337795035926027,0.363122404746916,0.576818460377922,0.301329966539099,0.196416400335303,0.436874373919343,0.273722208271209,0.34623277115467,0.254527006366509,0.161808242076442,0.355203699155715,0.408647786484334,0.330922805472473,0.38345703945183,0.336871263230922,0.32800047993852,0.248183390918082,0.318224424251321,0.315589694476791,0.245162068035532,0.397258982453167,0.381871404719334,0.352621035986314,0.301403763416816,0.376716533492155,0.239841727328887,0.264397762486066,0.363785012325995,0.406939912070745,0.355218532255939,0.380733462682905,0.272996659879728,0.261260725640609,0.502018654168967,0.233625585672585,0.291414655277814,0.330768377056302,0.427573250859705,0.256579699700577,0.286478092582406,0.300729590595501,0.26490175811451,0.223199886321731,0.294356665654859,0.336274515326529,0.356836207590886,0.315887947968031,0.363955354805254,0.331334017935476,0.295131582209235,0.214358383785974
"12",0.241107475287668,0.185676552952066,0.272155673248327,0.133541804151764,0.224101055476962,0.22566463037536,0.224172959968102,0.184796409430148,0.167274116193541,0.276336883864987,0.125853194306804,0.193661697171737,0.145250228929254,0.197089104977925,0.233548787644562,0.189272922361021,0.0883431263378252,0.228015548021936,0.151544727313225,0.119490669547216,0.122280181522189,0.115131929925243,0.237242341899188,0.126156625230425,0.11276336439614,0.140173837938211,0.200024989173182,0.186466020346435,0.235681400810081,0.149369297388705,0.292359393450479,0.120025263909156,0.20236540008671,0.200506716443931,0.180415586632013,0.210390372090042,0.28619374480956,0.129463190901759,0.107472299214436,0.165288590714549,0.133489146198543,0.153603897425018,0.195465838796356,0.235319107714321,0.115968690559207,0.271182052628838,0.285344030423765,0.11653795017073,0.152174526523208,0.19377149458691,0.191935508130709,0.169429355420038,0.153884353774236,0.219843850387072,0.173605587376403,0.159916209663213,0.152637255673411,0.0844392910469183,0.230153205774071,0.297051735529793,0.159395421184919,0.154768840714904,0.2119762759568,0.261236953213861,0.266794671986439,0.217869659375278,0.228258142048538,0.221454589853126,0.118954819066087,0.199236211648252,0.10157080085254,0.192280358809174,0.23996348790891,0.151804413674783,0.249248006087494,0.286136466267386,0.164751330400297,0.188902034440281,0.12861852967607,0.136847516296209,0.190868920372604,0.185712065504685,0.245205573203574,0.213406446416165,0.198942054167529,0.157564886326716,0.115631813412713,0.273354105101207,0.115588476802275,0.169986763782469,0.256337894386782,0.116877256768536,0.180125912921377,0.152387268588617,0.211972976185841,0.161886514206133,0.207190250578704,0.240620487334358,0.0702073095560278,0.315794120021367
"13",0.0782574480513126,0.0657122845464177,0.0639720607926436,0.0946477350912649,0.110998576249737,0.101745757587666,0.162775066202616,0.0798268003440729,0.0908222251269885,0.113832168895038,0.0384622913700611,0.141249090533751,0.109549072719408,0.147105658052227,0.0720739294131492,0.048050351624147,0.11618759409867,0.0744206335054974,0.0429394765832166,0.151736983726393,0.119813149974505,0.0756445260003551,0.0706560642929171,0.111721254140772,0.05890442978124,0.110511197683127,0.0616473465156381,0.0870911450920845,0.0600484530033433,0.123233799555735,0.112035209760578,0.151342978879939,0.0529640937947472,0.114032103653949,0.0928073849555998,0.173632171495167,0.0917407436906533,0.115465540527061,0.114989935555261,0.198963760925035,0.104952868275127,0.106457551799991,0.202286986110277,0.0860851817635489,0.0620734539510333,0.140076856606774,0.173124629227946,0.0490406030122792,0.11946986431982,0.113477886542969,0.0814568267743585,0.0853352497648356,0.130788680583182,0.0500559162008045,0.104771519774464,0.10990160859534,0.124282034384949,0.118574734266519,0.0625329681630301,0.108390362010664,0.0756197968287966,0.14805303759145,0.0974531192541329,0.0842354666055046,0.0917562399412982,0.0913627688632722,0.114963665298712,0.076882990102761,0.113989063120539,0.0922226452704417,0.0496444025399282,0.124596935319989,0.0458674532516999,0.122008678169439,0.0865230017257601,0.156455316226207,0.167254345071201,0.129092353449938,0.0530322939503351,0.110421568585985,0.124548000730796,0.0952365709653871,0.0965936834713017,0.12242766819837,0.0756602625318785,0.11673214722453,0.161855213836783,0.0342307968016602,0.0508723582771531,0.0664333386194691,0.0456044613298225,0.180338193906057,0.0860943580862743,0.0855518989970915,0.140410800891208,0.148428774411888,0.120011088561663,0.0388348050389139,0.168071655198288,0.104080396082206
"14",0.0746808838888394,0.0452777705541038,0.0263588226477107,0.0571266787522395,0.0482055253105631,0.0587670997848282,0.0361054804562069,0.0472692758290669,0.0586029560544429,0.0727247013645457,0.0478128103067073,0.0389285091583715,0.0469994011636649,0.0604649695372238,0.0747500272612498,0.0445960611802446,0.0491355254577797,0.120818117135463,0.0809628980539838,0.0327253918892837,0.11325538621256,0.0648914726276802,0.0758035928443793,0.0500159060469922,0.0319802747250177,0.0478180931669685,0.0274700921268831,0.0452969921657275,0.0431975862823651,0.0601752533572788,0.0695398104931117,0.055231296132572,0.106799548394189,0.0332317616349251,0.0445091781471082,0.0719647462100147,0.0901087680656876,0.0632288042294067,0.118371602903599,0.0393974005515791,0.0550900767520757,0.0255471540032066,0.0546609847162144,0.0455070088160124,0.043334494985857,0.078134718640173,0.0416330572597509,0.0598429683595949,0.0232786181560765,0.0263691664274795,0.0431206214699036,0.0388653909237599,0.0453698538029856,0.0191770633603088,0.0495860261507074,0.0365153005407679,0.029785104378776,0.0626881904045453,0.0276756360391191,0.0920093555152396,0.060021076676638,0.0401126143345961,0.0443495671993474,0.0362193935398581,0.0468705218152973,0.035972245502134,0.0505670933675536,0.0459057428725676,0.0341305538158677,0.0439304313447804,0.0530925979970449,0.0498407969083599,0.0541179195484163,0.0480311418162552,0.0407792905920535,0.0721516848436335,0.066877433864248,0.0769310395145183,0.044548751684321,0.0611154355300881,0.0383323102664408,0.0391505397734486,0.0292861814019687,0.0391062275370668,0.0262429903176179,0.114448880567788,0.0305262891295112,0.0517853580750435,0.0465166988993898,0.0639535635969671,0.0530171706064581,0.0385960743565851,0.0461711237899513,0.0609738325392799,0.073216122556808,0.126522254359152,0.0190133126178319,0.0444386641339377,0.0482674748604892,0.0682439237140103
"15",0.0279004044498775,0.0194564205567931,0.0418463202765576,0.0482424042577264,0.0622364772943534,0.0147161434986503,0.032055184362927,0.0217746360716644,0.02714172937571,0.0327377452960855,0.0270558371058372,0.0144589010992644,0.0462481780022706,0.0264406678568196,0.0261386173166034,0.0237454742261882,0.0238159154228291,0.0254639088316308,0.0369909569685122,0.0158165938087527,0.0285890896416516,0.0311546038760368,0.0191853429302806,0.0374704843675988,0.0134389447439744,0.0302296207086414,0.0189323144340785,0.0357536456457808,0.0485731197353305,0.0182871238746695,0.0273461075442022,0.0452144505630362,0.0207602277282625,0.0355685500429602,0.0167434837007791,0.0199583230075463,0.0259502593549426,0.0229509949819512,0.0275265603174906,0.0258201155748162,0.0401659223422101,0.0315824794287379,0.0404564906023382,0.0349423323518648,0.0295363736905805,0.0283635007287432,0.0215658377152964,0.0252597141816858,0.0524917810209789,0.0389267583657556,0.0263952798562991,0.025571640309927,0.0402608761794271,0.0268079650444825,0.0299852485438047,0.0294373023160639,0.0169972615506529,0.0290473064921523,0.0339949118443309,0.0570180131016231,0.0348648704892784,0.0326090454271562,0.0510381400823344,0.0205770138263114,0.0314596345027604,0.0443330189949058,0.0292993105079315,0.0311231229114232,0.0512503695488226,0.0251122739627356,0.0332624891114506,0.035023520215981,0.0249833934363609,0.0251795081256508,0.0221374476335529,0.0344433094007576,0.0405922876717892,0.0275061522707805,0.0106569126584249,0.0275315189509297,0.016219477261046,0.0468012465602321,0.0333225623213536,0.0266538452901537,0.0329281312179241,0.0386493733505391,0.0183744898921018,0.0183051464760504,0.024784663374401,0.0391957415168745,0.0245630836381587,0.0254735324938616,0.0340243944791271,0.0249329896096075,0.0213523005752702,0.0279586046688576,0.0312813846698079,0.025023198226586,0.0430954312145262,0.0223565577967351
"16",0.0144657292413877,0.0304910806976568,0.0144053123646323,0.0245582683102987,0.00946603760132853,0.034458590645052,0.00780391147007407,0.00858062389078828,0.00536785079996566,0.0231649649505926,0.014096613220785,0.0231418136826829,0.0141532320859812,0.0248593362840357,0.0133992537194488,0.0110413168896446,0.0219603128958559,0.0215207565374823,0.0147988524489537,0.0202874501372433,0.0091471459685343,0.0199640466852948,0.0173462208779579,0.02451280594182,0.00845943312989956,0.0257309026358464,0.0155948435038491,0.0212900091280102,0.0106807478297115,0.02452316832249,0.00837691578674452,0.00767022752342404,0.0188527341310307,0.0166104029950966,0.0212879952130164,0.0204830319022565,0.0153508920197999,0.0175353469816068,0.0285748060282437,0.0136924669805627,0.0203973996976609,0.036571309600871,0.0109546526732548,0.0308304678312794,0.0239516941010888,0.0129693764929904,0.00798850035658157,0.0155414940222589,0.033820023776693,0.013241573057767,0.017719406669061,0.0203879402262556,0.00584721843080509,0.0199764970228265,0.0147284090536077,0.0120100228469142,0.00912959687036257,0.0157808067464839,0.0161768044655797,0.0310480440166705,0.00909865969718119,0.0266838023673013,0.014878012797825,0.0161972710832392,0.0190925609535744,0.0108078061279851,0.0240868998105216,0.00868468743916906,0.0275631607325021,0.01036961968223,0.0142198488854747,0.016802690097793,0.0128789008134953,0.0180458494736065,0.00936226904523903,0.0200862416592919,0.0152140287024169,0.0305212419277228,0.0246370422455647,0.0300305749987792,0.0147997313615197,0.0224636575467425,0.0246731157998501,0.0159871461261934,0.0230001509038561,0.0221305596820784,0.020756018006335,0.0180416191520396,0.00540878051676224,0.00736333691571561,0.00897911345820211,0.0201685178667443,0.0177873525548175,0.0196384034588461,0.0165016770456874,0.0203822334013837,0.0237757181648412,0.0284858467904751,0.017521190879478,0.0199456501215981
"17",0.00621687504515841,0.00674641135967287,0.00841049972484307,0.0131692742944086,0.0104902869992845,0.00964904764516437,0.0145747293655158,0.00771455763208636,0.0153465999708095,0.00838917910545313,0.0146585142587555,0.0110000866943802,0.00526939326456501,0.0148762583737978,0.0110541448478569,0.00701694902185845,0.0225759649799375,0.012866967920221,0.0122660615628845,0.00408321512377478,0.0106603805797015,0.00988123628436542,0.0133093383771229,0.0132542633959428,0.0044257741501234,0.00949243816570318,0.0143491553895553,0.0127053784761145,0.00869024627920942,0.00875122474631922,0.00619276513539879,0.0142513832999313,0.00415081709593605,0.00416012608740682,0.00836591856552193,0.00806060586155468,0.0100444617406129,0.00678391782847858,0.00601038024940937,0.0174938101186462,0.000922601881675118,0.00696126161378038,0.0051775505949836,0.00424404664041811,0.00561974176243751,0.00935886098012337,0.00959708245490795,0.00833857304568641,0.0129945857311478,0.0172181026319284,0.00256737252142341,0.0175742986235736,0.0135540068758688,0.00542487087687942,0.0136197150416672,0.00507872863149742,0.00937421565424907,0.00909594212463167,0.0093695048164105,0.00870282289735435,0.0102167533236103,0.0130312772964965,0.0114592441910844,0.0195715686499731,0.00407598731526072,0.0103277252488525,0.0104023155221184,0.019400675476524,0.013926810962234,0.0206439067948858,0.00690639961422572,0.0174025957361321,0.0145866432959892,0.00724405487135298,0.00343938874191782,0.0212115219742673,0.0109174366521257,0.0145522609913464,0.0162232602132996,0.0207040399855764,0.00901043090312177,0.0089499750451104,0.0191116901372036,0.0117332739173473,0.0124280836617823,0.0100471771569603,0.0136234552947631,0.0112149698086273,0.0138398147548802,0.00448094835322445,0.00859017883911896,0.00684609708740289,0.00618686027257407,0.013375457545268,0.00438098676172978,0.0258870059392936,0.0121068075838439,0.0168164335206589,0.00790596352210587,0.0033528122154375
"18",0.00599416499874309,0.00416566163007374,0.00609672570781385,0.00654957421645445,0.00781989351359117,0.00268821882735414,0.00739950153606182,0.0132434685710338,0.0109539823614692,0.00260036979921598,0.00913344277379394,0.00299762742221174,0.00737826503336417,0.000382456084964025,0.00961814008417427,0.00787398543712117,0.00399093270465357,0.0094055814391663,0.00510249074337912,0.0118247935923735,0.00987310062931762,0.00483629710995896,0.0108965955959319,0.00635703634308139,0.00843951487260027,0.00243370953766096,0.00323076200565611,0.000498584638416402,0.00748370212808957,0.0125640023259414,0.00201147015043725,0.00510228896395183,0.0082899287137636,0.00444357014870948,0.00356653097293213,0.00240359238178476,0.00732676911171249,0.00549319388662703,0.00516229054015533,0.00620714379630592,0.00384470184886642,0.00201257427992244,0.00458948563214114,0.00664986781618294,0.00688095042498523,0.00531904679095702,0.00959747171444235,0.00663043399601429,0.0097346749829636,0.00316667191256291,0.00631311853587962,0.0130493829818992,0.00737849802381732,0.00894882644165271,0.0103922071809616,0.011477018972916,0.00494729331966911,0.00315499196653434,0.00728045555756469,0.0069343067813121,0.0118256997487493,0.0055955091110786,0.000922392718500542,0.0119965697511734,0.00208503851233523,0.00049104033835151,0.0151298810497806,0.00902154089598491,0.00339269346389753,0.00848525841948607,0.00891052063947343,0.00377305777975967,0.00233090770768424,0.00459632887754291,0.00357817975078832,0.011920544604585,0.0065193956118271,0.00959225072225189,0.0049221770832897,0.00206601144753162,0.0102690421178912,0.00892316434119236,0.00524716533517681,0.00454689419035176,0.00403003324252559,0.00238825704693343,0.00903265081381874,0.00615390080071956,0.0161243435127351,0.00311941181988596,0.00841015953051868,0.00460336899139823,0.00579085931963606,0.00795496772380812,0.00692605134367934,0.00809157770961659,0.00804307329978502,0.00419792236289508,0.0108767877521693,0.0059612697699169
"19",0.00674956924325191,0.000967177194757194,0.000344036575801044,0,0.00746067622365721,0,0,0,0,0.00432093853577848,0.000345576319770635,0,0.00384015098031005,0,0.00159163419431048,0.00230611989638766,0,0,0.00203281192405337,0.00562711086097184,0,0.00247130107140664,0.00501533686663251,0,0.00230220910308873,0.00620972167454178,0,0.0049991297098381,0.00246088050280266,0.00201437931183427,0,0,0,0.00289531499986245,0,0,0,0.00915467290350168,0,0.00384852115937679,-0.000976050410324931,0.00423484063272254,0.00325573531517925,0.00293007471025482,0.00512524169028559,0.00321066893328824,0,0.00488406105627278,0.00224355389662791,0,0.00256127478949224,0,0.00270060021544826,0,0.00329048437834943,0.00164178509009976,3.70501240386699e-05,0,0,0,0.000316867166073509,0.00297628045624297,0.00862997180348453,0,0,0.00359467751833818,0.00561078073340972,0.00158952295369468,0.000811205181381397,0,0.00376844773691835,0,0.00296268989209447,0,0.00249718789347317,-0.000390978090865184,0,0,0.000786045962188574,0,0.000652775578865963,0,0,0.00100444228975505,0,0,0.00568446664127316,0,0.00349354797780855,0.00356641139087099,4.69664906799887e-05,0.0064922541031311,0.0008890208391222,0.00574816203679332,0,0.00012759607127228,-0.000277386666581402,0.00274775152174351,0,0.0043582680012017
"20",0.0396063600235737,0.0544787110839771,0.0407441656330586,0.0693308844082875,0.0554641821782041,0.0670114311232417,0.0701646905049615,0.0440357717150614,0.0621124585799211,0.0412146685897964,0.0541946508359609,0.08652610288326,0.062889041464234,0.0806902615695478,0.0323585138157622,0.0289913811207907,0.0382361942539599,0.062338566929857,0.0381947546974813,0.0555833740220923,0.0538415447395003,0.0827723824935932,0.0709907472945889,0.0533491562785042,0.0553950732735971,0.0722144006495049,0.0479503099750149,0.0533020331600599,0.0840632899013587,0.0639112637449407,0.0528298429097271,0.067700430131481,0.0474146952042611,0.0332169468804818,0.0231017816165736,0.0494527533675814,0.034807471883363,0.0810341549823112,0.0786631247079008,0.0805644532209199,0.0794161675753999,0.0661170294816511,0.0558416153507301,0.0872305120273268,0.0470011700240957,0.0640440682866169,0.0766912212288767,0.0593420855696575,0.0592154547012409,0.064533556400408,0.0445713142550837,0.0961878791264829,0.0529354386896873,0.016398199377792,0.0714449123037103,0.0629114320329085,0.0641612207207889,0.0482273421500587,0.0230512263856998,0.0778739620394842,0.0799395159066857,0.0557375671644511,0.0536895369628391,0.0306205185865712,0.0455708024866789,0.0390130317062509,0.0387786105937317,0.0500610999878845,0.0417490354359071,0.0664390755651665,0.0913145890272855,0.0701191727950664,0.0565727136788847,0.064711901304633,0.0362050223149746,0.0510551400091564,0.0586338150155255,0.0709569994825981,0.0701981416103223,0.0921319693847623,0.0505533156841539,0.0515828656558264,0.089116046471066,0.048607196782514,0.0426725240106411,0.0577420694979907,0.08093331084361,0.0422786243640062,0.0763614536764944,0.058745597261917,0.0445447953816974,0.0369911393140303,0.04166320284715,0.0677622265084242,0.0485004021208623,0.0485849278702433,0.0611436810747538,0.0505533081155,0.036424854538595,0.0389379702641045
"21",0.0342486263205499,0.0292549758597997,0.0375307517042306,0.0294725896270328,0.043260119374084,0.0452356708681879,0.039431392610318,0.0310409027318291,0.0334899785559014,0.0426827583592271,0.0211167935299715,0.0329104982891171,0.0202728504915711,0.0451685768719785,0.0415836002188463,0.0275271414584476,0.00972594103645454,0.0485029083900365,0.0253969178301127,0.0180021346014896,0.0217084112113879,0.0149909013254928,0.0368964765292507,0.0206827110289449,0.0186451745049028,0.0201306729727782,0.0260275806340168,0.0354590138728547,0.049259326818867,0.0356262495638543,0.0624444941582146,0.010984215863295,0.03107581621534,0.0212132157991963,0.0258581004335696,0.0246114434846007,0.0478945630254331,0.0314984537849311,0.0178476281989077,0.0266495547933615,0.0434048230570512,0.0145941648684314,0.0624323778248471,0.0600859865664253,0.014534478993881,0.0460145173313245,0.0585751332016448,0.013261978562288,0.023207365620132,0.022318066048057,0.0246988708072728,0.0179386427654916,0.0354012538280726,0.0342586281638778,0.029011450681112,0.0247793778874156,0.0226726509438916,0.0120010747566883,0.0320923086704137,0.0636294628582644,0.0314230127158608,0.0225231898605364,0.0262686985162769,0.0426520466368432,0.0297592940466098,0.0331950711616747,0.0370533746826696,0.0349260023944315,0.0134182262320061,0.0252969790697461,0.0186343510886818,0.0332387828047932,0.0364765734900547,0.0206043647904164,0.0347613288626775,0.0563697880098663,0.0272931243865525,0.0311492534136339,0.023448784158128,0.0310224960493008,0.0463599536940105,0.0258549319308375,0.042650286049857,0.0473662713623381,0.0275023594281004,0.0229557888115977,0.0160086110954785,0.0537538888054469,0.0310459845773818,0.0314842583328843,0.0462306896285737,0.0122808607234693,0.0229510286293328,0.0293671168526676,0.0219802252244716,0.0227360362038186,0.0367165976576944,0.0257379773338639,0.00752665787784176,0.0570465649018974
"22",0.0138720795847751,0.00658661278062613,0.0122270926265817,0.00958532930224359,0.0210642519344097,0.0177593240705611,0.0418413417713834,0.0130168161954458,0.0187013250517288,0.0196933652011214,0.00157779723983862,0.0243218711731813,0.0110662668305592,0.0396425604748119,0.00872178303976138,0.00814310279620631,0.0203350319758512,0.0235476478681851,0.00549346720987368,0.0165323169325146,0.0158263716570957,0.0110473958585798,0.0146111472786453,0.0245532431347319,0.0125242657912397,0.0232254581297892,0.00823216548064644,0.0182306757189308,0.0168243240026736,0.0244153769784949,0.0262340678550165,0.0300629145641284,0.0107943541282292,0.00950182670410352,0.0123527624195891,0.018501691746859,0.0227871890314693,0.0277336782977075,0.0091641772836171,0.0465261087639808,0.0256931163877503,0.0135947866294773,0.0523531656755944,0.0220915908176894,0.00353572764834248,0.0227285529923199,0.0318841352489321,0.00703658438522024,0.0150974433948647,0.0194044102444269,0.0134900291460447,0.0241269353683535,0.0383585660732327,0.00398201390873999,0.0242642995429384,0.0167494912823765,0.0234123785418135,0.0190331009923786,0.0119483603070295,0.0267232751019625,0.014375069568481,0.0256342602144608,0.0189943679316597,0.0145166325567837,0.010343706047125,0.0106991684793071,0.010123050687388,0.0183349386320384,0.0158198331344029,0.0178807607166212,0.0146439506053739,0.0214486738740633,0.0152912649328743,0.0134625270027317,0.017690975453021,0.0295643112425516,0.0224557544832701,0.0325687215499803,0.0136073186491441,0.0285168791952966,0.0130834927938479,0.00728606151583901,0.0219591596672335,0.0327089739947844,0.00485275056883724,0.013140658686357,0.0223467694371084,0.00768047087782735,0.00896862775481072,0.00783809272173961,0.00537184335333771,0.0230070247426391,0.00631575769349512,0.00884079068412998,0.0215191270366425,0.0183629961457299,0.0361425478809233,-1.29894107578608e-05,0.0246555472533948,0.0205006699858758
"23",0.00994549907348048,0.00657539017580252,0.00580939171114081,0.00592424827686452,0.00743330134587051,0.0163040846792033,0.00771365169270701,0.00393968190919765,0.0171384053748262,0.0113667854249451,0.00249178660151811,0.00796261510215341,0.00542185787846393,0.0137737877067448,0.00679663098326258,0.00965592208524012,0.00920700344396668,0.0368250162423748,0.0173209294476132,0.00550408020364398,0.0122500860473441,0.0129397421524569,0.0129268797102925,0.00645921846436834,0.00220309205483748,0.00663304257152094,0.00581716889731884,0.00729813546347325,0.0100402759060066,0.010093754827905,0.0153915373038073,0.00962942969792019,0.00900571729070944,0.00205006622858582,0.00846559749642956,0.00307073281474672,0.014167952915632,0.0105388771494816,0.0187731337609237,0.00452286331994232,0.0121087321623054,0.0046311432931353,0.0137931566386993,0.00745013254421358,0.00794234857100829,0.0109713665752703,0.0113992652952263,0.0132006023855096,0.00295566763591962,0.00478176447480171,0.00154983081313762,0.00320010755091306,0.00699634678694836,0.00336070244060645,0.0131880094826228,0.00537551516640804,0.00912603816742322,0.0204172145886939,0.003678825740848,0.0265750128742943,0.00707034899324434,0.00477622069071862,0.00254330555712075,0.00313825100984289,0.00956135170144027,0.00933569913672888,0.00750965054443498,0.00625258657176622,0.00722387245345287,0.015986209700084,0.0103044538696994,0.00292473490622853,0.00930426997106402,0.0114750988936737,0.00541806963657195,0.0168093986387637,0.010772717619818,0.00578449950783958,0.00793057839515217,0.0150101208217168,0.0042857323738309,0.00256543562714958,0.00129683702519349,0.00579553237212351,0.00636186136655439,0.0127923582237679,0.0102190297436875,0.00930027061449803,0.0122828417154636,0.00638279497255669,0.00946437915006153,0.00476916717486404,0.00897793927537527,0.00385474729266376,0.0118789713563901,0.014065119657226,0.00422689016158075,0.00588951317179146,0.00530554757988586,0.00701811478891363
"24",0.00301587266874044,0.00440111998441983,0.0109833847601272,0.00453051031233661,0.00458195601779339,0.00282813062412602,0.00304082329071373,0.00335709807629693,2.01932824279617e-05,0.00640265693633897,0.000737531962965835,0.00158178910815871,0.00919924174727095,0.0059034452892579,0.0104240668178217,0.0069472292124131,0.00996891847313876,0.00485129528093711,0.00901382400023854,9.03961371210232e-05,0.0041696382682621,0.00887313902268123,0.00452899794556737,0.0084848808620853,0.00166450712609528,0.00690674849222382,0.000344603603177728,0.00923188625226414,0.00568451150184647,-0.00134650147071286,0.00418909886316252,0.00514472400563569,0.0044821989835304,0.00284825622614321,0.00200009534924822,0.00503531108431312,0.00848697120906637,0.00080456563032616,0.00194015679099361,0.0043821332280327,0.00906724722770511,0.00345042821784126,0.00763493603341513,0.0124213726130341,0.00168545237784221,0.00378325721802338,0.00950227092815412,0.00664067377952683,0.00514273753407444,0.00857764395102482,0.00335246528287711,0.00642613442586371,0.00538365167238395,-0.00187872903141589,0.00290695288418338,0.00785706451194832,0.00226334894965785,0.00704962045523977,0.00290425828474708,0.0124385242838556,0.00277262779419992,0.00504712696739166,0.00602602080173509,0.00126681112289182,0.00712784853153614,0.00623384864544119,0.00473543426213708,0.00696768220527839,0.0150250935569088,0.00636006526385279,0.00365741946858387,0.00401669510749013,0.00879587918303963,0.00654867585296948,0.00323287621435137,0.00669615526956184,0.00510749935080898,0.00804902200413406,-0.00163672590576131,0.00405824480753427,0.00184131177464796,0.00458358645702338,0.0104586971653744,0.00310670724201669,0.00197898137629289,0.00266392911543692,0.00423442957702303,0.00118770540271593,0.00430199483160492,0.00990746311324435,0.000806808005376518,0.00573955543247279,0.00653752635567906,0.00430769780837616,0.0016722695623599,0.00422746015472994,0.00580870324341634,0.00246815135834299,0.0047168405036148,0.00380904673372352
"25",0.00535924529875336,0.00695893726202309,0.00148430131504869,0.00650121589235103,0.00681254275162864,0.00493089130421271,0.00906465618239033,0.00205970271242746,0.00153163289162234,0.00378358524504788,2.49552715138028e-05,0.00129588557813628,0.00320018644564522,0.00314749866349467,0.00152213010007208,-0.000576311510010112,0.00491337003391775,0.00368579432197132,0.00183052027554547,0.00337322602550609,0.00435421173348603,0.00144740163518179,0.00363500939566772,-0.00115600612867627,0.00425657863638668,0.00690660554880947,-0.00220832913564078,0.00512372308736551,0.00159231573485894,0.00600195804467211,0.00613063817006021,-1.03900082845473e-05,0.000339103497516907,0.00388214036334064,-0.000770950588932294,0.00905469948701175,0.00315511265517186,0.00105517354597259,0.0033814675465158,0.00403058180182582,0.00122332531520453,0.00517851640439467,0.00273640542319913,0.0118129668278708,0.00811381757090639,0.00338957129623593,-0.00172662630123038,0.000734758764481416,0.00470155154976647,-0.00219510349548985,0.00842854814904651,0.00118433952749645,-0.00177396037934437,0.00407688346032583,0.00395879714280271,0.00142944034103989,0.00389827426033609,0.00563840405525008,0.00130554593158669,0.000611914924805921,0.00419185557337951,0.00292910857886346,0.000419496565007418,0.0025718610462815,0.00413371894073976,0.00288836053149321,0.0016118146746886,0.0015796044575515,0.00254621768239079,0.00410989710380412,0.00301687808345046,0.00474565613438135,0.000966234240555997,0.00773181198572979,0.00105390878663585,0.00191068876948227,0.00106034535147495,0.00823073840111546,0.0101426972765587,0.00700880595419539,0.0103128265889613,0.00349877205958791,0.00527941323876133,0.0011516850704744,0.0069069225755663,-0.000978310746861973,0.00115969465506732,0.00723396083513323,0.0057873922126066,0.000736398723958969,0.00374581567867649,0.00297480279481898,0.00383278100534953,0.00468449498075585,0.00250489744711238,-0.000225075840947286,0.00211771358957205,0.00426780273284265,0.00379240494719298,0.0024724388615632
"26",0.00148552336594365,-0.000737021900379416,0.00178971497719648,-0.000711455535252548,0.00013576248161799,0.000713941745826754,0.00241115207005694,0.00112475095283758,-0.00244210065034648,-0.00145170275499002,-0.00138982377855515,0.00370295619972713,0.00311671962266637,0.00160260132528792,0.0060113240665288,-0.000427179562770798,0.00285660609235542,0.000865530613594066,5.50223904416297e-05,-0.0017988311034642,0.00131948361093409,0.00140219445817923,0.0020629516701926,0.000122196087259079,0.000480915465505386,0.000538996243491419,-0.00110255286429581,0.00255950361284337,0.00140368067134243,0.0033723030048742,-0.00129304224245782,0.00168093764155475,-0.00124242008890983,-0.00167633361566324,0.00285610158225968,0.000419070960759707,0.00115652014177081,0.000424924090515172,0.00102619080907382,0.00475560872702391,0.00309597895861168,-0.000801183351085718,-0.00095775018277888,-0.00182178134372358,0.00354692645121294,0.000294428915094105,0.00118718699006253,-0.00158826219037024,0.000136120619516143,0.00195778548784547,0.00330176633429364,5.73219616044258e-05,0.0036267010275829,-0.00236790512596195,0.00338373547485778,0.000603166562922252,0.00121338617028042,0.00368631046578947,0.00223607250930091,-0.00166446880643276,-3.16709305773659e-05,0.000519859597505722,0.00331034157460969,0.00124341166273346,0.000138153781342963,-0.00146692271172626,0.00350498487652113,-0.00288878595656211,0.00265032855747068,0.00338031437499968,0.00163309809320645,0.000592625530964308,0.00394444470145638,-0.000822312944196876,-0.00235042735644543,0.0049384219217358,-0.00149753266860041,0.000224977562079805,0.00126680167814218,0.00211199550516321,0.0021654560306656,0.000547529966730838,0.0039474897100547,0.00236884295200403,-0.000475817273368428,0.00296694226646245,0.00417705102598935,-0.00105211751870851,0.000706008751963706,0.00209610072626271,-0.00129452811366734,0.00614042419916435,0.00150984997176711,-0.000139478490264898,-0.000379497488973209,-1.06231313428615e-05,0.00205080562285533,0.00193664712554826,0.000403126739190842,0.000508442836897495
"27",-0.0005884841055758,1.97677269657136e-05,0.000185139223458205,0.00135633696748085,0.00365838661921911,-0.00189623666787752,-0.0019325637956812,0.00104625005177561,0.000984334990715473,2.03596354215892e-05,0.000500897993975066,0.000513361212275644,-0.0008811621613847,-0.00056871676744701,0.00197656196317249,-0.000326206855137415,-0.000853424590314165,-0.00116775212512828,0.000411341795384577,0.00317686831797885,0.00429013839616263,0.00359627338969644,0.00755492349735744,-0.000423849932835746,-0.00307570363696363,7.46194804562296e-05,-0.00241858857297997,0.000782696019244129,0.00686513865671318,0.00440109883453082,0.00482046226770507,-0.00221822526177687,0.00125157648611635,0.00181103031323381,-0.00160290114455841,0.000181112522200932,0.000335704158089975,-0.000154001457821486,-2.8729725668931e-05,-1.24376935983621e-05,-0.000327733261263036,0.000261045380700104,0.00172016843207426,0.00456763051390926,-0.000368335641243601,-8.85590202104061e-05,0.00479263300157136,0.00139163512891513,0.00253886431714942,0.00172057216399429,-0.00190210034193695,0.00665418586414839,-0.000872856243272606,-0.00180691941600863,0.00034725459203458,0.00686999306979926,-0.000165648136106478,0.000152907762749971,-0.000128479792768755,0.00246384780811651,0.00252720157245392,0.00104785821481875,0.00197565283230432,0.00162176813892617,0.00126804272845061,-0.000689517050202083,0.0045319443890026,-0.00162939154061778,-0.000108034571418032,-1.33592874550173e-05,0.00448405650474707,-0.000181266363276125,0.00055941843232862,-0.000139212269998722,0.0020806207685361,0.000255448261006372,5.39075846929528e-05,0.00261735442715543,0.00254121375052251,0.00589392368916758,-0.000365260039874823,0.00103716254283546,0.000692957655750298,0.00112723696103882,0.00182031831770831,-0.000250864074962347,0.00328706304526198,-0.000614828700961716,0.00252736449140861,0.00152080056813625,0.00114021186602472,0.00234442294568131,-0.00282105140226387,0.0041232229240254,0.000850770207205163,0.0056730802437268,-0.000638971277185907,-5.68270198267466e-05,-0.000422308626912523,0.000794783656125144
"28",0.000536538955406657,0.00400671803060847,-0.00241614333492417,0,-0.00138863927313166,0,0,0,0,-0.000867205000674732,0.00118723998850916,0,-0.000538330320327142,0,0.000786283630538637,0.0014757926925188,0,0,0.000217622933580475,0.000798101419921243,0,0.00292728727957715,0.00212207120285069,0,0.000454987155060029,0.000245808315368067,0,-0.00159582125990799,-0.00355067411577223,-0.000909342509104216,0,0,0,-0.00152322207602446,0,0,0,0.000514551877217353,0,0.000464355164101878,0.00337214789642295,-0.000886655458278744,0.00553988714125321,0.000579242681686432,0.00100330758051444,0.00130575993964289,0,-0.00528120403310873,0.000118922773222771,0,0.0014794918916832,0,-0.00184554018487412,0,-0.00121093893520553,-0.00174351565609556,0.000943389500751488,0,0,0,7.28345079893654e-05,0.000615886936929991,0.00394091885763247,0,0,0.000553086026828709,-0.000407800234816806,9.47422767832434e-05,-0.0019222411183436,0,0.00137767334608457,0,0.00197424072819814,0,5.66008266093864e-06,-0.000628092016853042,0,0,0.00207927976132951,0,0.000788738799979571,0,0,0.00269795278007779,0,0,-0.00189088622856534,0,0.000142570892000735,0.00601117122594415,-0.00283917385726501,0.00475774649986039,-0.00272620786615912,-0.00283242767833891,0,0.00245828547901691,-0.0010556206686498,-0.00312200957121536,0,-0.000858231180704154
