"gene","ig_int","ig","km_x","hc","sc_a","pl_sc"
"95406_at",13,2,10,10,2,8
"100877_at",13,3,13,13,2,1
"161136_r_at",6,6,7,7,14,14
"99624_at",7,7,7,7,6,6
"101037_at",11,6,7,7,5,14
"104160_at",8,13,7,7,8,2
"93100_at",12,12,7,7,4,4
"101578_f_at",10,10,1,1,3,3
"96573_at",10,10,12,12,3,3
"104578_f_at",5,5,10,14,7,13
"96343_at",4,4,3,6,13,9
"160407_at",8,8,2,2,2,11
"104168_at",4,3,1,1,9,7
"97904_at",2,2,14,14,9,7
"96738_at",7,11,1,1,5,6
"160606_r_at",11,8,8,8,5,11
"160134_at",8,8,11,11,5,11
"93540_at",2,13,10,10,1,2
"99038_at",13,13,3,3,2,2
"100411_at",6,6,4,4,2,14
"93468_at",8,13,11,11,1,2
"97217_at",3,13,9,9,5,7
"160255_at",12,1,7,7,4,12
"96801_at",3,2,9,9,13,7
"95022_at",13,13,3,3,2,2
"100067_at",13,13,3,3,1,2
"100970_at",6,11,7,7,5,5
"94290_at",6,11,7,7,1,5
"104407_at",8,13,4,4,2,2
"160090_f_at",14,14,12,12,10,10
"101377_at",8,13,8,8,2,2
"95100_at",2,13,14,14,2,2
"104683_at",3,8,1,1,2,11
"96891_at",2,13,14,14,2,2
"93037_i_at",7,5,8,8,13,13
"100569_at",5,5,6,9,13,13
"101393_at",5,4,8,8,13,9
"93083_at",5,4,3,3,13,9
"94304_at",6,6,1,1,2,14
"161533_at",6,6,8,8,2,14
"160552_at",3,13,9,9,2,2
"93362_at",13,2,3,3,13,7
"96639_at",8,8,4,4,8,11
"96185_at",13,13,13,13,6,7
"160734_at",6,6,9,9,2,14
"98078_at",3,13,1,1,2,2
"101035_at",3,13,9,1,2,2
"162224_r_at",8,2,2,8,2,8
"93282_at",13,13,3,6,8,2
"101016_at",12,12,12,12,4,12
"95889_at",7,6,9,1,6,1
"160082_s_at",5,5,3,3,13,13
"92968_at",11,6,10,10,5,14
"100462_at",8,6,11,11,5,14
"96360_at",2,2,10,10,2,8
"104329_at",8,8,8,8,1,11
"104046_at",13,13,3,6,2,2
"92294_at",3,8,1,1,5,11
"160371_at",2,13,10,10,2,2
"95435_at",8,8,11,11,2,11
"95144_at",6,6,1,1,1,14
"96356_at",12,12,9,9,4,9
"93288_at",4,4,10,10,13,9
"95434_at",13,3,3,3,9,7
"160094_at",4,3,3,6,9,1
"96277_at",13,7,13,6,9,1
"94282_at",13,4,13,13,6,7
"100513_at",11,6,1,1,5,14
"161389_f_at",8,13,2,8,2,2
"100599_at",13,13,3,3,9,2
"103006_at",3,8,1,1,2,11
"103667_at",3,8,1,1,2,11
"99579_at",11,6,3,3,2,14
"100753_at",1,12,12,12,10,12
"93596_i_at",14,14,9,9,3,10
"96032_at",8,2,2,2,12,8
"92570_at",14,14,7,7,10,10
"98128_at",9,12,3,6,10,12
"93114_at",1,12,11,11,10,12
"93014_at",9,12,14,14,12,12
"99128_at",2,2,14,14,2,2
"94043_at",7,7,1,1,6,13
"160202_at",8,8,7,7,2,11
"98104_at",3,13,9,9,9,7
"96919_at",4,4,14,14,9,9
"92603_at",3,13,9,9,13,7
"94301_at",3,3,9,9,6,7
"95744_at",3,3,1,1,5,1
"160124_r_at",13,13,13,13,5,2
"96951_at",13,13,13,13,8,2
"94532_at",13,3,3,6,9,7
"95656_i_at",4,2,7,7,9,9
"96281_at",13,2,3,3,12,8
"93984_at",1,12,12,12,10,12
"160981_at",7,3,2,2,6,7
"99163_at",11,7,1,1,5,6
"99136_at",7,3,2,8,6,7
"93088_at",5,4,1,1,13,9
"103002_at",3,8,1,1,6,11
"160540_at",11,6,1,1,5,14
"161980_f_at",8,8,7,7,1,11
"95673_s_at",7,7,6,6,6,6
"93536_at",9,9,10,10,12,4
"103081_at",3,13,9,9,2,2
"93252_at",6,6,10,10,2,14
"99018_at",8,13,11,11,1,2
"102727_at",8,8,11,11,2,11
"96049_at",12,12,11,11,4,12
"98055_at",8,6,11,11,2,14
"93064_at",8,13,2,2,6,2
"96255_at",3,8,7,7,14,11
"104573_at",3,2,9,9,12,8
"98066_r_at",3,3,9,9,5,7
"98947_at",8,8,11,11,2,11
"104352_at",2,13,10,10,2,2
"96037_at",13,8,3,3,2,11
"101078_at",5,4,10,10,13,9
"93057_at",14,10,12,12,3,3
"96351_at",3,13,9,9,2,2
"101583_at",7,11,3,6,6,5
"96856_at",2,13,12,12,2,2
"93976_at",8,13,7,7,2,11
"96522_at",12,12,10,10,4,8
"93293_at",1,12,12,5,10,12
"92631_f_at",7,3,9,1,6,1
"93523_at",5,4,3,6,13,9
"101107_at",5,4,13,13,13,9
"99338_at",13,13,13,13,2,2
"160180_at",12,12,13,13,4,12
"101040_at",11,7,7,7,5,6
"100610_at",13,2,13,13,2,7
"92611_at",4,4,14,14,9,9
"93499_at",7,3,3,3,6,1
"98127_at",3,3,9,9,6,7
"161329_f_at",3,2,1,1,12,7
"96884_at",3,3,1,1,6,1
"160280_at",11,3,11,11,5,1
"104259_at",3,13,1,1,2,2
"104055_at",8,8,2,8,2,11
"160298_at",6,8,11,11,2,11
"94231_at",3,3,1,1,9,7
"97504_at",12,12,7,7,4,4
"160127_at",12,1,9,9,4,12
"94819_f_at",13,13,3,6,1,11
"160442_at",1,1,10,10,10,12
"101011_at",9,12,12,12,10,8
"160459_r_at",9,12,2,2,12,8
"160562_at",2,2,14,14,12,8
"160102_at",2,2,14,14,12,8
"97930_f_at",3,13,9,9,2,2
"97312_at",13,8,3,3,5,11
"100600_at",3,13,9,9,9,11
"103003_i_at",7,3,4,4,6,13
"160493_at",9,4,6,13,12,9
"101495_at",12,14,3,3,4,10
"94084_at",3,13,9,9,2,2
"94048_at",13,13,13,13,2,2
"99135_at",7,3,3,3,9,13
"94105_at",13,2,3,3,2,8
"97817_at",13,13,3,6,2,2
"102852_at",6,6,8,8,2,14
"98532_at",2,6,10,10,11,14
"101017_at",2,2,10,10,12,8
"94881_at",12,12,7,7,4,12
"98789_at",11,6,7,7,1,14
"160325_r_at",8,13,7,7,2,2
"99486_at",3,3,7,7,5,1
"99119_at",14,14,14,14,3,10
"162088_r_at",8,8,11,11,5,11
"103217_at",4,3,7,7,9,1
"96906_at",1,1,2,8,10,12
"103555_at",13,8,3,3,2,11
"103076_at",3,3,9,9,6,7
"97387_at",6,6,9,1,5,14
"97468_at",2,13,14,14,2,2
"94254_at",3,13,9,9,9,2
"160386_at",11,11,9,1,5,5
"100579_s_at",4,4,3,6,12,9
"160252_at",12,12,14,14,4,12
"160356_at",11,11,1,1,5,5
"98492_at",13,13,13,13,1,2
"101086_f_at",2,2,14,14,12,8
"94004_at",5,4,11,11,13,9
"160150_f_at",2,2,14,14,2,8
"100039_at",13,13,3,3,13,11
"100481_at",11,6,2,8,5,14
"92313_at",8,3,11,11,13,7
"94305_at",12,9,13,6,4,9
"101130_at",12,12,11,11,4,12
"101093_at",4,4,1,1,13,9
"101039_at",7,5,10,10,6,13
"93220_at",8,8,2,2,2,11
"101080_at",4,5,7,7,6,13
"92567_at",5,3,1,1,13,7
"100308_at",5,4,2,8,13,9
"92878_at",6,6,1,1,14,14
"96854_at",13,8,13,6,5,11
"94992_at",6,11,1,1,5,5
"98539_at",8,13,11,11,2,2
"98928_at",3,13,1,1,2,2
"98107_at",13,13,3,3,1,2
"160230_at",2,12,14,14,10,8
"93788_at",14,14,11,2,10,10
"99631_f_at",9,9,14,14,12,4
"99114_r_at",9,12,9,9,10,12
"100550_f_at",10,10,12,12,3,3
"93820_at",1,1,14,14,10,12
"160383_at",1,12,10,10,10,12
"99660_f_at",14,14,5,5,10,10
"92860_at",14,10,2,8,3,3
"99642_i_at",12,12,8,8,4,9
"104274_at",3,8,9,9,2,11
"101593_at",11,7,7,7,5,6
"93760_at",13,13,13,6,2,2
"94065_at",11,3,2,8,5,1
"103817_at",13,2,13,13,6,7
"160098_s_at",3,6,9,9,5,1
"99666_at",13,6,13,13,1,14
"93076_at",13,13,3,3,2,2
"97925_at",3,8,1,1,2,11
"96099_at",13,8,13,13,2,11
"99586_at",13,4,3,3,13,9
"100581_at",13,2,10,10,12,8
"101081_at",6,11,13,13,1,5
"161879_r_at",13,13,13,13,14,2
"93364_at",13,4,3,3,13,7
"160430_at",2,2,14,14,13,7
"103341_at",2,13,10,10,1,2
"101055_at",6,11,9,9,1,5
"92256_at",12,9,1,1,4,4
"93810_at",12,9,10,14,4,4
"101963_at",12,14,3,3,3,10
"92633_at",6,6,11,11,2,14
"94054_at",13,2,13,13,6,7
"100112_at",3,2,7,7,2,8
"95701_at",6,11,11,11,2,14
"103619_at",3,13,9,9,9,2
"103921_i_at",3,13,1,1,2,11
"94284_at",3,4,9,9,13,9
"102752_at",3,13,9,9,2,2
"161368_r_at",5,5,4,4,13,13
"96008_at",13,2,3,3,2,8
"93842_at",11,11,7,7,5,5
"98940_at",8,13,11,11,2,2
"94454_at",7,6,13,9,6,1
"103430_at",7,7,8,8,6,6
"94299_at",8,3,11,11,9,1
"102071_at",11,6,9,1,5,14
"95682_at",2,12,14,14,13,8
"101074_at",7,3,11,11,6,13
"92969_at",11,6,9,9,5,14
"161933_r_at",3,8,1,1,14,11
"101542_f_at",2,13,14,14,2,2
"93493_at",1,9,3,3,10,12
"92226_at",3,13,1,1,2,2
"101179_at",2,2,14,14,9,7
"95688_at",2,3,10,10,13,7
"93982_at",11,11,7,7,5,5
"104136_at",6,6,11,11,1,14
"97261_at",2,2,10,10,12,8
"95068_at",11,11,1,1,5,5
"104625_at",3,3,9,9,9,13
"160144_at",6,6,1,1,2,14
"102414_i_at",6,6,2,8,14,14
"95455_at",8,13,8,8,2,2
"160370_at",3,13,5,5,2,2
"98298_at",3,13,1,1,2,2
"96617_at",6,6,1,1,2,14
"94492_at",12,1,12,12,4,10
"97333_at",3,3,9,9,13,7
"100603_at",8,13,11,11,9,2
"96298_f_at",12,1,12,12,4,12
"101929_at",7,7,13,13,6,6
"94862_i_at",3,3,9,9,6,7
"95056_r_at",7,4,8,8,6,7
"103456_at",3,8,1,1,2,11
"96322_at",3,8,1,1,14,11
"96624_r_at",10,10,13,13,3,3
"160129_at",9,4,14,14,12,8
"97559_at",10,10,12,12,3,3
"99887_at",6,6,8,8,2,14
"98579_at",6,6,7,7,2,14
"96929_at",8,8,8,8,2,11
"99629_at",13,3,10,3,13,7
"99191_at",8,13,2,8,2,2
"92855_at",9,9,10,10,12,4
"160365_at",14,14,3,6,3,10
"94252_at",2,2,14,14,2,8
"94250_at",13,12,3,3,10,12
"93973_at",13,13,10,3,2,2
"160554_at",2,2,14,14,12,8
"160541_at",3,2,1,1,9,8
"95715_at",14,1,14,14,10,12
"92816_r_at",14,1,12,12,10,10
"93089_at",1,12,12,12,10,12
"96843_at",13,13,13,9,2,2
"100636_at",2,2,14,14,12,8
"103926_at",4,4,1,1,9,9
"100535_at",12,12,9,9,4,12
"97278_at",13,2,3,3,2,7
"160265_at",13,2,3,6,6,7
"98141_at",8,6,7,7,1,14
"94001_at",2,6,10,10,2,14
"97426_at",5,4,1,1,13,9
"93593_f_at",3,8,9,1,2,11
"160568_at",14,14,12,5,10,10
"93722_at",8,8,2,2,1,11
"98958_at",8,13,11,11,2,2
"101587_at",3,6,1,1,2,14
"160184_at",5,4,9,1,13,9
"96345_at",3,13,1,1,14,2
"94040_at",9,12,12,12,12,8
"161755_at",6,11,7,7,6,5
"92553_at",7,7,6,3,6,6
"96112_at",13,13,13,13,14,2
"92267_at",8,13,7,7,2,2
"97689_at",8,13,8,8,2,2
"95488_at",7,7,9,9,6,6
"97864_at",6,6,1,1,14,14
"100141_at",10,10,7,7,3,3
"160503_at",2,13,14,14,2,2
"100928_at",5,4,7,7,13,9
"101090_at",11,6,7,7,5,14
"96774_at",13,13,3,3,2,2
"97498_at",3,8,9,1,5,11
"96036_at",8,13,2,8,9,2
"162414_f_at",11,6,2,2,5,14
"160257_at",12,12,10,10,4,8
"160416_at",2,2,14,14,12,8
"93731_at",5,5,13,13,13,13
"97300_at",5,4,2,8,13,9
"161223_r_at",11,7,2,8,5,6
"92852_at",10,10,14,14,3,3
"103546_at",7,7,11,11,6,6
"92838_at",2,13,14,14,5,7
"98817_at",5,4,7,7,13,9
"94833_at",12,4,7,7,4,9
"94794_at",14,10,14,14,3,3
"99872_s_at",10,10,5,5,3,3
"102427_at",13,8,13,13,1,11
"101143_at",8,8,7,7,2,11
"101106_at",2,3,10,10,9,1
"160516_at",13,8,3,3,2,11
"96869_at",3,2,9,9,13,7
"93011_at",3,8,7,7,2,11
"97934_at",3,13,7,7,2,2
"97553_at",7,11,1,1,6,5
"97516_at",3,8,1,1,2,11
"101214_f_at",14,1,5,5,10,12
"93270_at",13,8,10,3,1,11
"101885_at",9,12,8,8,12,12
"99067_at",8,8,11,11,2,11
"104110_at",13,8,13,6,14,11
"160114_at",2,13,14,14,9,2
"100592_at",13,13,3,6,2,2
"95696_at",2,2,14,14,12,8
"162364_f_at",8,13,7,7,9,2
"93969_at",8,13,11,11,2,2
"100729_at",10,10,5,5,3,3
"101860_at",8,8,2,8,5,11
"99596_f_at",5,4,10,10,13,9
"94814_at",2,13,10,14,2,2
"99981_at",6,6,2,2,1,14
"102082_at",12,9,11,11,4,4
"94853_at",4,4,9,9,4,9
"96911_at",11,7,13,9,1,6
"99477_at",3,3,7,7,5,7
"94042_f_at",9,9,14,14,12,4
"161873_r_at",7,6,8,8,6,1
"102060_at",8,13,7,7,6,2
"93256_at",11,6,3,3,5,14
"104004_at",11,6,8,8,5,1
"94876_f_at",11,11,13,13,5,5
"94071_at",3,13,7,7,2,2
"102886_at",5,5,9,9,13,13
"94132_at",1,1,3,3,10,12
"94897_at",14,10,6,6,3,3
"93690_at",4,4,1,1,9,9
"99160_s_at",7,7,7,7,6,6
"93066_at",3,3,7,7,13,7
"104057_at",3,13,1,1,2,2
"93750_at",5,3,8,8,13,7
"93727_at",13,13,10,3,2,2
"97819_at",5,2,1,1,13,9
"99583_at",2,3,10,10,9,1
"96116_at",7,3,4,8,6,1
"100380_at",1,12,14,14,10,12
"100708_at",14,1,14,14,10,12
"92730_at",3,13,1,1,2,2
"92629_f_at",2,12,14,14,12,8
"96359_at",13,2,13,13,9,8
"162488_at",7,11,7,7,6,5
"98628_f_at",6,6,10,10,1,14
"99581_at",2,2,14,14,12,8
"103262_at",3,13,13,9,2,2
"99335_at",3,13,5,5,2,2
"100049_at",8,2,8,8,10,8
"99058_at",5,3,9,9,7,7
"93095_at",13,13,10,3,2,2
"96699_at",9,9,12,12,12,4
"160101_at",13,13,13,13,2,2
"93117_at",1,12,12,12,10,12
"94896_at",13,2,13,6,2,8
"160199_at",3,2,7,7,12,8
"94041_at",13,2,10,3,12,8
"95232_at",4,2,14,14,9,7
"93761_at",13,2,13,13,12,8
"104296_at",3,13,7,7,2,2
"103835_f_at",13,8,3,6,1,11
"94276_at",13,8,3,6,1,11
"161869_i_at",14,10,8,8,3,3
"95359_at",10,10,5,5,3,3
"160499_at",4,12,12,12,4,12
"100352_at",3,8,1,1,1,11
"101955_at",4,4,14,14,12,9
"93277_at",1,12,12,12,10,12
"92829_at",14,14,12,12,10,10
"101399_at",13,7,13,6,13,13
"93752_at",2,13,10,10,2,2
"92614_at",3,3,1,1,6,7
"93018_at",2,2,10,10,12,8
"160253_at",2,13,14,14,9,7
"100483_at",3,13,1,1,2,2
"160694_at",3,6,7,7,5,14
"102224_at",11,7,9,9,5,6
"98622_at",8,13,8,8,2,2
"95117_at",5,5,7,7,13,13
"160527_at",5,5,2,2,13,13
"95885_at",8,6,2,2,2,14
"101499_at",6,6,9,1,14,14
"92817_at",13,13,3,3,11,2
"101501_r_at",3,6,7,7,1,14
"100277_at",11,6,6,6,5,14
"100561_at",4,4,13,13,13,9
"94975_at",3,13,9,9,1,2
"104385_i_at",7,7,7,7,6,13
"100123_f_at",12,1,6,3,4,12
"100601_at",7,6,9,9,6,1
"101123_at",12,12,9,9,4,8
"96283_at",7,5,13,9,6,13
"98911_at",11,6,7,7,5,14
"102364_at",6,11,10,10,2,5
"96324_at",8,13,11,11,2,2
"101922_at",4,5,9,9,9,13
"101508_at",3,13,7,7,2,2
"92890_at",11,11,2,2,5,5
"160871_at",8,8,11,11,14,11
"160679_at",11,11,11,11,5,5
"160417_at",3,2,1,1,12,8
"93565_at",11,6,1,1,5,14
"93111_at",13,2,3,3,13,8
"102404_at",8,13,8,8,14,2
"160089_at",4,4,14,14,13,9
"100136_at",7,7,11,11,13,6
"96876_at",12,1,10,10,4,12
"94260_at",13,3,13,13,5,7
"93930_at",3,3,9,9,5,7
"160261_i_at",6,8,2,8,2,11
"160498_at",13,8,3,6,2,11
"96072_at",9,12,12,12,12,12
"93600_at",6,11,7,7,14,5
"99669_at",12,1,6,13,4,12
"94561_at",3,2,1,1,4,8
"104634_at",3,13,1,1,2,2
"103370_at",2,13,10,10,2,2
"93753_at",3,13,7,7,2,2
"160270_at",7,7,3,3,6,1
"98059_s_at",5,5,1,1,13,13
"160095_at",5,2,11,11,13,7
"96736_at",5,4,1,1,13,9
"101073_at",11,7,9,9,5,6
"160676_at",12,1,9,9,4,12
"92563_at",3,6,7,7,2,14
"93078_at",3,13,9,1,2,7
"98402_at",4,5,9,9,9,13
"160450_at",13,8,13,13,5,11
"96703_at",11,11,13,13,5,6
"92650_at",6,6,8,8,14,14
"104628_at",8,3,11,11,5,1
"95749_at",11,7,3,3,5,6
"97447_at",7,7,1,1,6,6
"160287_at",13,2,3,3,12,8
"162082_r_at",6,8,4,4,1,11
"160854_at",3,8,1,1,2,11
"93848_at",8,13,8,8,14,2
"161583_at",8,13,2,2,2,2
"101834_at",6,6,1,1,6,14
"92350_at",4,4,11,11,9,9
"96865_at",5,4,11,11,13,9
"97203_at",7,3,10,10,6,1
"160362_at",3,3,13,9,5,7
"101385_at",13,8,3,6,14,11
"96354_at",11,7,2,2,5,6
"95754_at",6,8,10,10,14,11
"97451_at",11,6,9,9,5,14
"162025_r_at",7,3,4,4,6,1
"93991_at",2,3,14,14,9,7
"98110_at",7,3,6,6,9,13
"101082_at",8,8,2,2,5,11
"94890_at",6,8,8,8,2,11
"94502_at",3,13,9,1,14,2
"95044_at",3,8,9,9,1,11
"160172_at",13,2,13,6,2,8
"93505_at",9,2,8,8,12,8
"95140_at",6,6,9,9,14,14
"92880_at",7,7,3,3,6,6
"94548_at",13,8,3,3,6,1
"93866_s_at",13,13,13,6,2,2
"104410_at",7,3,9,9,6,1
"94848_at",14,14,8,8,10,10
"95726_at",4,4,3,6,9,9
"95663_at",5,4,2,8,4,9
"94007_at",4,4,12,12,9,9
"96632_at",1,12,12,12,10,12
"94899_at",13,3,13,13,6,1
"100759_at",6,11,1,1,2,14
"160457_at",2,2,14,14,12,8
"100040_at",13,13,3,6,6,2
"94875_at",3,13,9,9,14,2
"96916_at",11,11,7,7,5,5
"97443_at",9,4,3,6,12,8
"99630_at",8,8,7,7,14,11
"160308_at",5,4,9,1,4,9
"95689_at",3,3,9,9,13,7
"93802_at",6,8,8,8,2,11
"160468_at",4,4,13,13,9,9
"96285_at",5,4,6,6,13,9
"96980_at",8,13,2,8,7,2
"100915_at",4,4,13,6,9,9
"97542_at",5,4,1,1,13,9
"96939_at",8,13,11,11,2,2
"95506_at",11,11,3,3,5,5
"98570_at",14,10,8,8,3,3
"97873_at",3,8,1,1,2,11
"98586_at",9,12,13,13,12,12
"97860_at",13,8,3,3,1,11
"95070_at",1,12,1,1,10,12
"100152_at",8,13,11,11,2,2
"94509_at",3,8,1,1,14,11
"100144_at",14,14,12,12,10,10
"101536_at",3,13,1,1,5,2
"101059_at",7,3,2,8,6,1
"96280_at",5,9,3,6,13,4
"96915_f_at",9,12,10,3,12,12
"160237_at",9,12,9,9,10,12
"96887_at",13,13,13,13,2,2
"100079_at",13,2,3,3,12,8
"93972_at",13,8,3,6,2,11
"99593_at",13,13,3,3,2,2
"97874_at",13,2,13,13,12,8
"93101_s_at",14,14,14,14,3,10
"93519_s_at",4,5,10,10,9,13
"160535_at",3,3,1,1,13,7
"100120_at",11,7,11,11,13,6
"94236_at",5,5,10,10,13,13
"161161_r_at",9,12,7,7,10,12
"92625_at",10,10,12,12,3,3
"93830_at",2,2,14,14,9,8
"160344_at",9,12,14,14,10,12
"92626_at",7,6,7,7,6,14
"96259_at",13,13,13,13,2,2
"101634_at",10,10,5,5,3,3
"93043_at",5,5,1,1,13,13
"160925_at",8,8,7,7,14,11
"95016_at",5,5,2,2,13,13
"97229_at",2,2,14,14,12,8
"94839_at",7,11,1,1,6,5
"160885_at",2,13,12,12,9,2
"101977_at",13,6,13,6,2,14
"94435_at",11,6,7,7,5,1
"97270_at",11,11,1,1,5,6
"101013_at",1,1,12,12,10,12
"95413_at",13,3,3,6,1,1
"93807_at",8,2,8,8,2,8
"99158_at",3,6,1,1,5,14
"92845_at",8,13,11,11,2,2
"104139_at",11,11,7,7,5,5
"93108_at",5,4,1,1,13,9
"100720_at",14,14,5,5,3,10
"92774_at",8,13,11,11,2,2
"100560_at",3,3,7,7,9,1
"160187_at",3,3,7,7,9,7
"95743_at",2,6,14,14,1,14
"97821_at",3,13,1,1,2,2
"96641_at",13,13,3,6,1,2
"104218_s_at",8,8,11,11,5,11
"94552_at",2,2,12,12,12,8
"99195_at",4,3,8,8,9,1
"93349_at",11,6,13,9,5,14
"104080_at",1,12,13,13,10,12
"93968_at",13,13,3,3,2,2
"162490_f_at",8,8,11,11,14,11
"95040_at",11,6,11,11,5,1
"94932_at",3,8,1,1,14,11
"98102_at",2,2,10,10,13,8
"101060_at",5,4,3,3,13,9
"95423_at",3,8,9,9,2,11
"94208_at",11,8,10,10,5,1
"92806_at",11,6,7,7,1,14
"100548_at",7,7,1,1,6,6
"93124_at",4,4,8,8,12,4
"97825_at",8,13,2,8,2,2
"94555_at",9,9,3,3,12,4
"160091_at",12,12,14,14,4,12
"95420_at",6,6,3,3,2,14
"93346_at",14,1,14,14,10,10
"95147_at",6,6,3,6,2,14
"101585_at",3,6,9,9,5,14
"98056_at",6,11,13,13,1,5
"102907_at",11,5,11,11,13,13
"92311_s_at",8,6,11,11,1,14
"94119_at",3,13,1,7,2,2
"97448_at",3,13,9,9,2,2
"102696_s_at",8,8,7,7,14,11
"160169_at",13,8,13,13,14,11
"100607_at",6,6,9,1,2,14
"103855_at",7,7,11,11,6,6
"94445_at",5,4,1,1,13,9
"97699_at",13,8,13,13,9,11
"160311_at",6,6,9,9,2,14
"93360_at",13,13,3,3,9,2
"94239_at",3,13,1,1,2,2
"97237_at",13,13,3,3,1,2
"98081_at",9,12,9,9,10,12
"104279_at",2,8,10,10,14,11
"93551_at",4,9,10,3,12,4
"94014_at",2,13,10,10,2,2
"101207_at",14,14,5,5,10,10
"100089_at",7,7,1,1,6,1
"100088_at",13,8,13,13,2,11
"160078_at",4,5,10,3,9,13
"101101_at",3,6,9,9,5,1
"92573_at",13,13,10,3,2,2
"99608_at",8,2,2,2,12,8
"100332_s_at",11,6,1,1,5,1
"93774_at",7,5,13,13,13,13
"96852_at",4,5,9,9,9,13
"100684_at",6,11,13,13,1,5
"100606_at",5,5,7,7,13,13
"104728_at",8,8,2,2,1,11
"97395_at",13,8,3,6,2,11
"102017_at",8,13,11,11,2,2
"96278_at",3,6,9,9,1,14
"94238_at",5,4,8,8,13,9
"97114_at",13,12,13,13,4,8
"100733_at",2,13,12,12,12,2
"92544_f_at",2,2,14,14,12,8
"97459_at",2,8,10,10,11,11
"93988_at",9,4,10,10,12,9
"160875_at",13,12,3,3,10,12
"94263_f_at",2,8,14,14,5,11
"100225_f_at",13,2,3,6,12,8
"92645_at",4,5,7,7,9,13
"94302_at",2,13,14,14,5,2
"103350_at",2,8,10,14,1,11
"98522_at",13,3,3,3,6,7
"160614_at",11,3,7,7,9,1
"94259_at",2,2,10,14,2,8
"100718_at",14,14,12,5,3,10
"95723_r_at",2,5,10,14,13,13
"99599_s_at",13,8,13,6,2,11
"94489_at",2,3,12,14,9,7
"100595_at",4,4,13,13,9,7
"102874_at",6,6,2,2,5,14
"98385_at",11,6,11,11,5,14
"96272_at",6,6,7,7,14,14
"160480_at",3,13,9,9,2,2
"94473_at",3,8,9,9,2,11
"96601_at",7,5,2,2,6,13
"101933_at",11,11,1,1,5,5
"92854_at",6,6,9,9,2,14
"98150_at",13,13,3,3,2,2
"95686_at",7,7,2,2,9,13
"104112_at",8,8,11,11,2,11
"94031_at",7,7,9,9,6,6
"161380_f_at",8,8,11,11,2,11
"94478_at",11,6,3,3,14,14
"94269_at",13,2,3,3,12,7
"101555_at",2,3,14,14,6,7
"96102_i_at",3,13,9,9,1,2
"103067_at",6,11,11,11,5,5
"160756_at",3,8,9,9,14,14
"98511_at",3,8,1,1,1,1
"101254_at",1,1,5,5,10,10
"98573_r_at",2,13,14,14,2,2
"96700_r_at",8,13,2,8,9,2
"104020_at",3,8,1,1,2,11
"96693_at",2,13,10,10,14,2
"102379_at",8,13,7,7,2,2
"92647_at",2,13,14,14,9,2
"94081_at",2,8,10,10,2,11
"96041_at",9,12,10,10,12,12
"93267_at",1,12,3,6,10,12
"92517_at",3,13,7,7,2,2
"95124_i_at",3,2,9,9,12,8
"160896_at",5,5,9,9,13,13
"93281_at",11,7,7,7,5,1
"96347_at",6,6,4,8,2,14
"103886_at",7,7,1,1,6,6
"160518_at",11,6,13,13,5,14
"101111_at",4,5,1,1,13,13
"101030_at",6,6,11,11,2,14
"162468_at",3,3,1,1,6,7
"104725_at",7,3,11,11,6,1
"104125_at",13,13,13,13,2,2
"96038_at",6,8,2,8,2,11
"96270_at",3,13,9,9,2,2
"96859_at",2,6,14,14,2,14
"160205_f_at",3,8,7,7,1,11
"93782_at",2,8,10,10,5,11
"160209_at",13,8,3,3,2,11
"100980_at",3,8,9,9,2,11
"98504_at",8,3,7,7,6,7
"96686_i_at",5,4,1,1,13,4
"98342_at",14,10,5,5,3,3
"100711_at",10,10,5,5,3,3
"101049_at",10,10,12,12,3,3
"102109_at",10,10,5,5,3,3
"99653_at",14,10,12,12,3,3
"93578_at",14,14,8,8,10,10
"97483_at",10,10,5,5,3,3
"96290_f_at",14,14,5,5,10,10
"92856_at",1,14,1,1,10,10
"93987_f_at",1,12,5,5,10,8
"161127_i_at",10,10,1,1,3,3
"101573_f_at",10,10,5,5,3,3
"100727_at",10,10,12,12,3,3
"94240_i_at",9,9,5,5,12,4
"100734_at",14,10,5,5,3,3
"98119_at",1,1,5,5,10,10
"96339_at",14,14,8,8,3,10
"160478_r_at",10,10,1,1,3,3
"96307_s_at",4,4,5,5,9,9
"93098_at",10,10,8,8,3,3
"93513_at",1,1,7,7,10,10
"92628_at",10,10,5,5,3,3
"160081_at",10,10,12,12,3,3
"92577_f_at",10,10,5,5,3,3
"93822_at",10,10,5,5,3,3
"99626_i_at",14,10,8,8,3,3
"94844_at",10,10,12,12,3,3
"100213_f_at",10,10,5,5,3,3
"101129_at",10,10,5,5,3,3
"96962_at",10,10,5,5,3,3
"97697_at",10,10,7,7,3,3
"96575_at",10,10,5,5,3,3
"101213_at",10,10,5,5,3,3
"100694_at",10,14,5,5,3,10
"94237_at",13,13,3,6,9,2
"94076_i_at",11,7,1,1,5,6
"99093_at",10,10,5,5,3,3
"94767_at",10,10,5,5,3,3
"102126_at",10,10,5,5,3,3
"99657_at",10,10,2,8,3,3
"100602_at",14,10,2,2,3,3
"93730_at",12,12,5,5,4,4
"97647_at",10,10,5,5,3,3
"99590_at",10,10,5,5,3,3
"94068_at",12,1,5,5,4,10
"100686_at",14,14,5,5,10,10
"96358_at",10,10,5,5,3,3
"93121_at",10,10,7,7,3,3
"96071_at",14,10,14,14,3,3
"98564_f_at",10,10,5,5,3,3
"96300_f_at",1,1,5,5,10,10
"93030_at",14,14,5,5,10,10
"160389_r_at",14,14,10,10,10,10
"98085_f_at",10,10,5,5,3,3
"162335_at",10,10,10,10,3,3
"101137_at",10,10,5,5,3,3
"100780_at",14,14,5,5,10,10
"99336_at",10,10,5,5,3,3
"101577_at",10,10,5,5,3,3
"101212_at",10,10,5,5,3,3
"100732_at",14,14,5,5,10,10
"97750_at",14,10,5,5,3,3
"94257_at",6,11,1,1,2,5
"98950_at",13,8,13,13,2,11
"92850_at",7,7,1,1,6,6
"98604_at",3,13,1,1,2,2
"101584_at",13,8,13,13,2,11
"93839_at",3,3,1,1,6,7
"160484_at",4,4,10,10,13,9
"160299_at",13,8,13,13,14,11
"160453_at",11,11,11,11,5,5
"92539_at",3,4,13,13,12,9
"98600_at",5,4,9,9,4,9
"99051_at",3,13,1,1,2,2
"92770_at",12,10,1,1,3,3
"98534_at",9,9,7,7,12,4
"100635_at",3,2,9,9,6,7
"96657_at",13,2,6,6,12,8
"95758_at",2,2,14,14,4,8
"95467_at",11,7,7,7,13,13
"93278_at",8,13,7,7,2,2
"161370_f_at",11,6,11,11,5,14
"98847_at",6,11,1,1,2,5
"98590_at",3,13,1,1,9,2
"93017_at",7,6,8,8,6,1
"94080_at",8,8,11,11,14,11
"95091_at",13,13,3,3,2,2
"104709_at",3,3,13,13,9,1
"103381_at",11,11,9,9,5,5
"160291_at",13,6,3,3,5,14
"93548_at",9,2,3,3,12,8
"92636_f_at",9,12,10,10,10,12
"160136_r_at",13,13,3,6,9,7
"92870_at",8,6,11,11,2,14
"104287_at",2,13,10,10,2,2
"160563_at",14,14,11,11,3,10
"95101_at",5,4,1,1,13,9
"100151_at",7,6,9,9,6,1
"96060_at",8,8,7,7,5,11
"94147_at",8,2,11,11,13,7
"97487_at",12,1,11,11,4,12
"94817_at",12,9,6,13,4,4
"94456_at",14,1,14,14,10,12
"97808_at",4,3,10,10,9,7
"96126_at",6,11,1,1,2,5
"93806_at",5,5,2,8,13,13
"103569_at",7,7,11,11,6,6
"95327_at",7,7,7,7,6,6
"104350_at",3,8,7,7,5,11
"95102_at",6,6,13,13,11,14
"97828_at",13,13,13,13,12,2
"104576_at",13,3,3,6,6,1
"93506_at",2,12,14,14,12,4
"93084_at",5,4,10,10,13,9
"100617_at",2,2,12,12,2,2
"96832_at",6,6,1,1,2,14
"99133_at",2,13,10,10,2,2
"99445_at",8,13,2,2,2,2
"97383_at",13,13,3,3,2,2
"101437_at",8,13,2,8,2,2
"98553_at",6,6,9,1,14,14
"92216_at",3,8,9,9,2,11
"92687_at",8,8,8,8,1,11
"93701_at",3,8,9,9,1,11
"102062_at",13,13,10,3,2,2
"97200_f_at",2,12,14,14,10,12
"160543_at",4,3,10,10,9,1
"97818_at",3,13,9,9,2,2
"93597_at",3,8,1,7,1,11
"100538_at",2,2,10,14,12,8
"100401_at",9,2,7,7,12,8
"101430_at",7,7,1,1,6,13
"97160_at",12,14,7,7,4,10
"94472_at",7,3,9,9,6,7
"160096_at",3,6,1,1,5,14
"101995_at",5,4,3,3,13,9
"96004_at",3,8,7,7,2,11
"101519_at",4,2,13,6,9,8
"103680_at",3,8,9,9,14,11
"94017_s_at",2,13,12,12,1,2
"99628_at",2,2,14,14,12,8
"160182_at",2,13,14,14,2,2
"93805_at",3,13,9,9,2,2
"94511_at",3,13,7,7,2,2
"104248_at",13,2,13,13,12,8
"101511_at",9,12,4,4,12,8
"95069_at",13,13,3,3,2,2
"94292_at",11,8,9,9,5,11
"98922_at",6,6,2,8,2,14
"95702_at",6,6,3,6,14,14
"160277_at",3,8,9,9,2,11
"160064_at",3,6,1,1,6,1
"101980_at",8,2,8,8,12,8
"160436_at",11,6,2,8,5,14
"95424_at",2,13,14,14,2,2
"96542_at",2,3,10,10,13,7
"94985_at",3,13,9,9,14,2
"100774_at",3,8,1,1,14,11
"94991_at",6,6,8,8,2,1
"160309_at",3,13,9,1,2,2
"103910_at",6,11,3,3,14,14
"103073_i_at",2,2,10,10,12,2
"93541_at",5,4,7,7,13,9
"100154_at",8,13,11,11,2,2
"104324_at",8,3,11,11,9,7
"96873_at",3,8,1,7,1,11
"93327_at",8,8,11,11,8,11
"93333_at",9,2,9,1,12,8
"98937_at",13,13,13,6,2,2
"101527_at",2,2,10,10,12,8
"98951_at",11,7,11,11,5,6
"160483_at",8,13,2,8,6,2
"94218_at",9,12,10,10,12,8
"104233_at",5,3,7,7,7,7
"104601_at",6,8,4,4,2,11
"160469_at",10,10,8,8,3,3
"94262_at",3,13,1,1,8,2
"94210_at",2,2,10,10,2,8
"94860_at",2,13,10,10,5,2
"101464_at",13,13,13,13,2,2
"160116_at",12,1,1,1,4,12
"160613_at",8,6,11,11,6,1
"162089_r_at",7,11,10,10,5,5
"98919_at",8,13,11,11,5,2
"101522_at",8,8,8,8,2,11
"100572_at",6,6,9,9,6,14
"96275_f_at",7,7,8,8,6,6
"95520_at",8,8,11,11,5,11
"160322_at",3,13,1,1,2,2
"93817_at",7,7,9,1,6,6
"160183_f_at",11,6,13,13,5,14
"160235_at",3,13,1,1,1,2
"98615_at",3,2,9,9,2,8
"160179_at",11,11,9,9,5,5
"161667_r_at",7,3,14,14,6,1
"98129_at",10,10,12,12,3,3
"96426_at",10,10,14,14,3,3
"101993_at",3,3,1,1,13,7
"92572_at",6,6,2,8,1,14
"104071_at",13,8,3,6,1,11
"160256_at",1,1,10,10,10,10
"99462_at",8,8,11,11,5,11
"93997_at",3,8,9,9,2,11
"99566_at",2,8,14,14,1,11
"160532_at",12,14,6,13,3,10
"100605_at",11,6,9,9,5,1
"93265_at",13,3,3,6,9,7
"95542_at",5,4,6,3,13,9
"93595_at",7,3,13,9,6,1
"161537_f_at",8,13,11,11,2,2
"104192_at",4,3,8,8,9,7
"102599_at",10,14,5,5,3,10
"160936_at",6,6,9,9,14,14
"160361_at",3,6,1,1,2,14
"94235_at",8,6,11,11,1,1
"160376_at",8,8,11,11,2,11
"93728_at",13,13,3,3,9,2
"97903_at",13,8,3,6,5,11
"94809_at",8,8,11,11,5,11
"93012_at",3,8,1,1,2,11
"97912_at",5,5,11,11,6,13
"98144_f_at",13,8,3,3,2,11
"93042_at",13,8,3,6,2,11
"95326_at",3,8,1,1,5,11
"98555_at",13,13,13,13,2,2
"100342_i_at",12,9,12,14,4,4
"98759_f_at",12,12,5,5,4,12
"101543_f_at",5,2,5,5,13,8
"94788_f_at",14,10,12,12,3,3
"93646_at",3,13,7,7,13,2
"92807_at",14,1,12,12,10,10
"98130_at",13,13,13,13,2,2
"94242_at",1,12,13,13,10,12
"161028_at",8,3,2,2,6,7
"160115_at",13,3,13,13,9,7
"96113_at",9,9,3,3,12,4
"99985_at",4,3,10,10,9,7
"98404_at",2,8,10,10,5,11
"104715_at",13,13,3,3,2,2
"101255_at",14,14,5,5,10,10
"95215_f_at",5,4,5,5,13,9
"93509_at",8,2,7,7,9,7
"103754_at",3,13,9,9,13,2
"92660_f_at",13,13,13,13,2,2
"100529_at",3,6,1,1,5,14
"97530_at",3,2,1,7,2,8
"97479_at",13,6,13,13,1,1
"97460_at",7,3,9,9,6,1
"160164_at",4,7,3,3,9,13
"95601_at",3,8,9,1,1,11
"104311_at",3,6,9,9,5,14
"97807_at",3,13,9,1,2,2
"161908_i_at",6,8,4,4,14,11
"102322_at",3,8,9,9,2,11
"161338_i_at",9,9,7,7,12,4
"101989_at",2,8,14,14,14,11
"99115_at",2,2,10,14,2,8
"93844_at",9,12,14,14,12,12
"103013_at",3,13,1,1,2,2
"96061_at",13,13,3,6,9,2
"103713_at",13,13,13,13,2,2
"103876_at",2,13,10,10,11,2
"92507_at",8,13,11,11,9,2
"161516_r_at",6,6,8,8,5,14
"104501_at",3,13,7,7,2,7
"101982_at",13,8,13,13,2,11
"94963_at",3,3,9,9,13,7
"100710_at",4,4,10,14,9,9
"98139_at",8,13,2,2,2,2
"160529_r_at",13,2,3,3,10,8
"101046_at",12,14,7,7,4,10
"100964_at",11,11,1,1,5,5
"103836_at",8,8,11,11,14,11
"96075_at",11,6,3,3,5,1
"100297_at",3,3,1,1,5,7
"101001_at",7,3,8,8,13,7
"160739_at",8,13,2,2,2,2
"98946_at",13,13,13,13,2,2
"160296_at",11,7,1,1,13,6
"95627_at",8,6,11,11,14,14
"161797_r_at",8,13,8,8,2,2
"97475_at",8,8,11,11,5,11
"160520_at",13,13,3,3,2,2
"93740_at",12,12,5,5,4,12
"99675_at",3,13,9,9,2,2
"104535_at",3,6,1,1,2,14
"98053_at",5,5,13,13,13,13
"160485_r_at",14,1,10,14,10,10
"102259_at",4,4,7,7,13,9
"97535_at",13,13,3,3,2,2
"93016_at",2,2,14,14,12,2
"97544_at",2,2,10,14,12,8
"103978_at",3,2,1,1,2,8
"160251_at",13,11,3,3,14,5
"92521_at",11,7,7,7,5,13
"93943_f_at",8,13,11,11,2,2
"96157_at",3,8,9,9,5,11
"104050_at",3,13,9,9,2,2
"92262_at",13,13,3,3,7,2
"99779_at",8,8,7,7,1,11
"100143_at",11,7,2,8,5,6
